,Date,Day,status_country,counts
0,01-05-2015,289,Cases_Guinea,2776
1,01-04-2015,288,Cases_Guinea,2775
2,01-03-2015,287,Cases_Guinea,2769
3,01-02-2015,286,Cases_Guinea,0
4,12/31/2014,284,Cases_Guinea,2730
5,12/28/2014,281,Cases_Guinea,2706
6,12/27/2014,280,Cases_Guinea,2695
7,12/24/2014,277,Cases_Guinea,2630
8,12/21/2014,273,Cases_Guinea,2597
9,12/20/2014,272,Cases_Guinea,2571
10,12/18/2014,271,Cases_Guinea,0
11,12/14/2014,267,Cases_Guinea,2416
12,12-09-2014,262,Cases_Guinea,0
13,12-07-2014,260,Cases_Guinea,2292
14,12-03-2014,256,Cases_Guinea,0
15,11/30/2014,253,Cases_Guinea,2164
16,11/28/2014,251,Cases_Guinea,0
17,11/23/2014,246,Cases_Guinea,2134
18,11/22/2014,245,Cases_Guinea,0
19,11/18/2014,241,Cases_Guinea,2047
20,11/16/2014,239,Cases_Guinea,1971
21,11/15/2014,238,Cases_Guinea,0
22,11-11-2014,234,Cases_Guinea,1919
23,11-10-2014,233,Cases_Guinea,0
24,11-09-2014,232,Cases_Guinea,1878
25,11-08-2014,231,Cases_Guinea,0
26,11-04-2014,227,Cases_Guinea,0
27,11-03-2014,226,Cases_Guinea,1760
28,11-02-2014,225,Cases_Guinea,1731
29,10/31/2014,222,Cases_Guinea,0
30,10/29/2014,220,Cases_Guinea,1667
31,10/27/2014,218,Cases_Guinea,1906
32,10/25/2014,216,Cases_Guinea,0
33,10/22/2014,214,Cases_Guinea,0
34,10/21/2014,213,Cases_Guinea,1553
35,10/19/2014,211,Cases_Guinea,1540
36,10/18/2014,210,Cases_Guinea,0
37,10/14/2014,206,Cases_Guinea,1519
38,10/13/2014,205,Cases_Guinea,0
39,10-12-2014,204,Cases_Guinea,1472
40,10-11-2014,203,Cases_Guinea,0
41,10-08-2014,200,Cases_Guinea,0
42,10-07-2014,199,Cases_Guinea,1350
43,10-05-2014,197,Cases_Guinea,1298
44,10-04-2014,196,Cases_Guinea,0
45,10-01-2014,193,Cases_Guinea,1199
46,9/28/2014,190,Cases_Guinea,1157
47,9/23/2014,185,Cases_Guinea,1074
48,9/21/2014,183,Cases_Guinea,1022
49,9/20/2014,182,Cases_Guinea,0
50,9/19/2014,181,Cases_Guinea,1008
51,9/17/2014,179,Cases_Guinea,0
52,9/14/2014,176,Cases_Guinea,942
53,9/13/2014,175,Cases_Guinea,936
54,09-10-2014,172,Cases_Guinea,899
55,09-09-2014,171,Cases_Guinea,0
56,09-07-2014,169,Cases_Guinea,861
57,09-05-2014,167,Cases_Guinea,812
58,8/31/2014,162,Cases_Guinea,771
59,8/26/2014,157,Cases_Guinea,648
60,8/20/2014,151,Cases_Guinea,607
61,8/18/2014,149,Cases_Guinea,579
62,8/16/2014,147,Cases_Guinea,543
63,8/13/2014,144,Cases_Guinea,519
64,08-11-2014,142,Cases_Guinea,510
65,08-09-2014,140,Cases_Guinea,506
66,08-06-2014,137,Cases_Guinea,495
67,08-04-2014,135,Cases_Guinea,495
68,08-01-2014,132,Cases_Guinea,485
69,7/30/2014,129,Cases_Guinea,472
70,7/27/2014,126,Cases_Guinea,460
71,7/23/2014,123,Cases_Guinea,427
72,7/20/2014,120,Cases_Guinea,415
73,7/17/2014,117,Cases_Guinea,410
74,7/14/2014,114,Cases_Guinea,411
75,07-12-2014,112,Cases_Guinea,406
76,07-08-2014,108,Cases_Guinea,409
77,07-06-2014,106,Cases_Guinea,408
78,07-02-2014,102,Cases_Guinea,412
79,6/30/2014,100,Cases_Guinea,413
80,6/22/2014,92,Cases_Guinea,0
81,6/20/2014,90,Cases_Guinea,390
82,6/19/2014,89,Cases_Guinea,0
83,6/18/2014,88,Cases_Guinea,390
84,6/17/2014,87,Cases_Guinea,0
85,6/16/2014,86,Cases_Guinea,398
86,06-10-2014,80,Cases_Guinea,351
87,06-05-2014,75,Cases_Guinea,0
88,06-03-2014,73,Cases_Guinea,344
89,06-01-2014,71,Cases_Guinea,328
90,5/28/2014,67,Cases_Guinea,291
91,5/27/2014,66,Cases_Guinea,281
92,5/23/2014,62,Cases_Guinea,258
93,05-12-2014,51,Cases_Guinea,248
94,05-10-2014,49,Cases_Guinea,233
95,05-07-2014,46,Cases_Guinea,236
96,05-05-2014,44,Cases_Guinea,235
97,05-03-2014,42,Cases_Guinea,231
98,05-01-2014,40,Cases_Guinea,226
99,4/26/2014,35,Cases_Guinea,224
100,4/24/2014,33,Cases_Guinea,0
101,4/23/2014,32,Cases_Guinea,218
102,4/22/2014,31,Cases_Guinea,0
103,4/21/2014,30,Cases_Guinea,0
104,4/20/2014,29,Cases_Guinea,208
105,4/17/2014,26,Cases_Guinea,203
106,4/16/2014,25,Cases_Guinea,197
107,4/15/2014,24,Cases_Guinea,0
108,4/14/2014,23,Cases_Guinea,168
109,04-11-2014,20,Cases_Guinea,159
110,04-09-2014,18,Cases_Guinea,158
111,04-07-2014,16,Cases_Guinea,151
112,04-04-2014,13,Cases_Guinea,143
113,04-01-2014,10,Cases_Guinea,127
114,3/31/2014,9,Cases_Guinea,122
115,3/29/2014,7,Cases_Guinea,112
116,3/28/2014,6,Cases_Guinea,112
117,3/27/2014,5,Cases_Guinea,103
118,3/26/2014,4,Cases_Guinea,86
119,3/25/2014,3,Cases_Guinea,86
120,3/24/2014,2,Cases_Guinea,86
121,3/22/2014,0,Cases_Guinea,49
122,01-05-2015,289,Cases_Liberia,0
123,01-04-2015,288,Cases_Liberia,0
124,01-03-2015,287,Cases_Liberia,8166
125,01-02-2015,286,Cases_Liberia,8157
126,12/31/2014,284,Cases_Liberia,8115
127,12/28/2014,281,Cases_Liberia,8018
128,12/27/2014,280,Cases_Liberia,0
129,12/24/2014,277,Cases_Liberia,7977
130,12/21/2014,273,Cases_Liberia,0
131,12/20/2014,272,Cases_Liberia,7862
132,12/18/2014,271,Cases_Liberia,7830
133,12/14/2014,267,Cases_Liberia,0
134,12-09-2014,262,Cases_Liberia,7797
135,12-07-2014,260,Cases_Liberia,0
136,12-03-2014,256,Cases_Liberia,7719
137,11/30/2014,253,Cases_Liberia,0
138,11/28/2014,251,Cases_Liberia,7635
139,11/23/2014,246,Cases_Liberia,0
140,11/22/2014,245,Cases_Liberia,7168
141,11/18/2014,241,Cases_Liberia,7082
142,11/16/2014,239,Cases_Liberia,0
143,11/15/2014,238,Cases_Liberia,7069
144,11-11-2014,234,Cases_Liberia,0
145,11-10-2014,233,Cases_Liberia,6878
146,11-09-2014,232,Cases_Liberia,0
147,11-08-2014,231,Cases_Liberia,6822
148,11-04-2014,227,Cases_Liberia,6619
149,11-03-2014,226,Cases_Liberia,0
150,11-02-2014,225,Cases_Liberia,0
151,10/31/2014,222,Cases_Liberia,6525
152,10/29/2014,220,Cases_Liberia,0
153,10/27/2014,218,Cases_Liberia,0
154,10/25/2014,216,Cases_Liberia,6535
155,10/22/2014,214,Cases_Liberia,0
156,10/21/2014,213,Cases_Liberia,0
157,10/19/2014,211,Cases_Liberia,0
158,10/18/2014,210,Cases_Liberia,4665
159,10/14/2014,206,Cases_Liberia,0
160,10/13/2014,205,Cases_Liberia,4262
161,10-12-2014,204,Cases_Liberia,0
162,10-11-2014,203,Cases_Liberia,4249
163,10-08-2014,200,Cases_Liberia,0
164,10-07-2014,199,Cases_Liberia,4076
165,10-05-2014,197,Cases_Liberia,0
166,10-04-2014,196,Cases_Liberia,3924
167,10-01-2014,193,Cases_Liberia,3834
168,9/28/2014,190,Cases_Liberia,3696
169,9/23/2014,185,Cases_Liberia,3458
170,9/21/2014,183,Cases_Liberia,3280
171,9/20/2014,182,Cases_Liberia,0
172,9/19/2014,181,Cases_Liberia,0
173,9/17/2014,179,Cases_Liberia,3022
174,9/14/2014,176,Cases_Liberia,2710
175,9/13/2014,175,Cases_Liberia,0
176,09-10-2014,172,Cases_Liberia,0
177,09-09-2014,171,Cases_Liberia,2407
178,09-07-2014,169,Cases_Liberia,2081
179,09-05-2014,167,Cases_Liberia,1871
180,8/31/2014,162,Cases_Liberia,1698
181,8/26/2014,157,Cases_Liberia,1378
182,8/20/2014,151,Cases_Liberia,1082
183,8/18/2014,149,Cases_Liberia,972
184,8/16/2014,147,Cases_Liberia,834
185,8/13/2014,144,Cases_Liberia,786
186,08-11-2014,142,Cases_Liberia,670
187,08-09-2014,140,Cases_Liberia,599
188,08-06-2014,137,Cases_Liberia,554
189,08-04-2014,135,Cases_Liberia,516
190,08-01-2014,132,Cases_Liberia,468
191,7/30/2014,129,Cases_Liberia,391
192,7/27/2014,126,Cases_Liberia,329
193,7/23/2014,123,Cases_Liberia,249
194,7/20/2014,120,Cases_Liberia,224
195,7/17/2014,117,Cases_Liberia,196
196,7/14/2014,114,Cases_Liberia,174
197,07-12-2014,112,Cases_Liberia,172
198,07-08-2014,108,Cases_Liberia,142
199,07-06-2014,106,Cases_Liberia,131
200,07-02-2014,102,Cases_Liberia,115
201,6/30/2014,100,Cases_Liberia,107
202,6/22/2014,92,Cases_Liberia,51
203,6/20/2014,90,Cases_Liberia,0
204,6/19/2014,89,Cases_Liberia,41
205,6/18/2014,88,Cases_Liberia,0
206,6/17/2014,87,Cases_Liberia,0
207,6/16/2014,86,Cases_Liberia,33
208,06-10-2014,80,Cases_Liberia,13
209,06-05-2014,75,Cases_Liberia,13
210,06-03-2014,73,Cases_Liberia,13
211,06-01-2014,71,Cases_Liberia,13
212,5/28/2014,67,Cases_Liberia,13
213,5/27/2014,66,Cases_Liberia,12
214,5/23/2014,62,Cases_Liberia,12
215,05-12-2014,51,Cases_Liberia,12
216,05-10-2014,49,Cases_Liberia,12
217,05-07-2014,46,Cases_Liberia,13
218,05-05-2014,44,Cases_Liberia,13
219,05-03-2014,42,Cases_Liberia,13
220,05-01-2014,40,Cases_Liberia,13
221,4/26/2014,35,Cases_Liberia,0
222,4/24/2014,33,Cases_Liberia,35
223,4/23/2014,32,Cases_Liberia,0
224,4/22/2014,31,Cases_Liberia,0
225,4/21/2014,30,Cases_Liberia,34
226,4/20/2014,29,Cases_Liberia,0
227,4/17/2014,26,Cases_Liberia,27
228,4/16/2014,25,Cases_Liberia,27
229,4/15/2014,24,Cases_Liberia,0
230,4/14/2014,23,Cases_Liberia,0
231,04-11-2014,20,Cases_Liberia,26
232,04-09-2014,18,Cases_Liberia,25
233,04-07-2014,16,Cases_Liberia,21
234,04-04-2014,13,Cases_Liberia,18
235,04-01-2014,10,Cases_Liberia,8
236,3/31/2014,9,Cases_Liberia,8
237,3/29/2014,7,Cases_Liberia,7
238,3/28/2014,6,Cases_Liberia,3
239,3/27/2014,5,Cases_Liberia,8
240,3/26/2014,4,Cases_Liberia,0
241,3/25/2014,3,Cases_Liberia,0
242,3/24/2014,2,Cases_Liberia,0
243,3/22/2014,0,Cases_Liberia,0
244,01-05-2015,289,Cases_SierraLeone,10030
245,01-04-2015,288,Cases_SierraLeone,9780
246,01-03-2015,287,Cases_SierraLeone,9722
247,01-02-2015,286,Cases_SierraLeone,0
248,12/31/2014,284,Cases_SierraLeone,9633
249,12/28/2014,281,Cases_SierraLeone,9446
250,12/27/2014,280,Cases_SierraLeone,9409
251,12/24/2014,277,Cases_SierraLeone,9203
252,12/21/2014,273,Cases_SierraLeone,9004
253,12/20/2014,272,Cases_SierraLeone,8939
254,12/18/2014,271,Cases_SierraLeone,0
255,12/14/2014,267,Cases_SierraLeone,8356
256,12-09-2014,262,Cases_SierraLeone,0
257,12-07-2014,260,Cases_SierraLeone,7897
258,12-03-2014,256,Cases_SierraLeone,0
259,11/30/2014,253,Cases_SierraLeone,7312
260,11/28/2014,251,Cases_SierraLeone,0
261,11/23/2014,246,Cases_SierraLeone,6599
262,11/22/2014,245,Cases_SierraLeone,0
263,11/18/2014,241,Cases_SierraLeone,6190
264,11/16/2014,239,Cases_SierraLeone,6073
265,11/15/2014,238,Cases_SierraLeone,0
266,11-11-2014,234,Cases_SierraLeone,5586
267,11-10-2014,233,Cases_SierraLeone,0
268,11-09-2014,232,Cases_SierraLeone,5368
269,11-08-2014,231,Cases_SierraLeone,0
270,11-04-2014,227,Cases_SierraLeone,4862
271,11-03-2014,226,Cases_SierraLeone,0
272,11-02-2014,225,Cases_SierraLeone,4759
273,10/31/2014,222,Cases_SierraLeone,0
274,10/29/2014,220,Cases_SierraLeone,5338
275,10/27/2014,218,Cases_SierraLeone,5235
276,10/25/2014,216,Cases_SierraLeone,0
277,10/22/2014,214,Cases_SierraLeone,3896
278,10/21/2014,213,Cases_SierraLeone,0
279,10/19/2014,211,Cases_SierraLeone,3706
280,10/18/2014,210,Cases_SierraLeone,0
281,10/14/2014,206,Cases_SierraLeone,3410
282,10/13/2014,205,Cases_SierraLeone,0
283,10-12-2014,204,Cases_SierraLeone,3252
284,10-11-2014,203,Cases_SierraLeone,0
285,10-08-2014,200,Cases_SierraLeone,2950
286,10-07-2014,199,Cases_SierraLeone,0
287,10-05-2014,197,Cases_SierraLeone,2789
288,10-04-2014,196,Cases_SierraLeone,0
289,10-01-2014,193,Cases_SierraLeone,2437
290,9/28/2014,190,Cases_SierraLeone,2304
291,9/23/2014,185,Cases_SierraLeone,2021
292,9/21/2014,183,Cases_SierraLeone,1940
293,9/20/2014,182,Cases_SierraLeone,1813
294,9/19/2014,181,Cases_SierraLeone,0
295,9/17/2014,179,Cases_SierraLeone,0
296,9/14/2014,176,Cases_SierraLeone,1673
297,9/13/2014,175,Cases_SierraLeone,1620
298,09-10-2014,172,Cases_SierraLeone,1478
299,09-09-2014,171,Cases_SierraLeone,0
300,09-07-2014,169,Cases_SierraLeone,1424
301,09-05-2014,167,Cases_SierraLeone,1261
302,8/31/2014,162,Cases_SierraLeone,1216
303,8/26/2014,157,Cases_SierraLeone,1026
304,8/20/2014,151,Cases_SierraLeone,910
305,8/18/2014,149,Cases_SierraLeone,907
306,8/16/2014,147,Cases_SierraLeone,848
307,8/13/2014,144,Cases_SierraLeone,810
308,08-11-2014,142,Cases_SierraLeone,783
309,08-09-2014,140,Cases_SierraLeone,730
310,08-06-2014,137,Cases_SierraLeone,717
311,08-04-2014,135,Cases_SierraLeone,691
312,08-01-2014,132,Cases_SierraLeone,646
313,7/30/2014,129,Cases_SierraLeone,574
314,7/27/2014,126,Cases_SierraLeone,533
315,7/23/2014,123,Cases_SierraLeone,525
316,7/20/2014,120,Cases_SierraLeone,454
317,7/17/2014,117,Cases_SierraLeone,442
318,7/14/2014,114,Cases_SierraLeone,397
319,07-12-2014,112,Cases_SierraLeone,386
320,07-08-2014,108,Cases_SierraLeone,337
321,07-06-2014,106,Cases_SierraLeone,305
322,07-02-2014,102,Cases_SierraLeone,252
323,6/30/2014,100,Cases_SierraLeone,239
324,6/22/2014,92,Cases_SierraLeone,0
325,6/20/2014,90,Cases_SierraLeone,158
326,6/19/2014,89,Cases_SierraLeone,0
327,6/18/2014,88,Cases_SierraLeone,136
328,6/17/2014,87,Cases_SierraLeone,97
329,6/16/2014,86,Cases_SierraLeone,0
330,06-10-2014,80,Cases_SierraLeone,89
331,06-05-2014,75,Cases_SierraLeone,81
332,06-03-2014,73,Cases_SierraLeone,0
333,06-01-2014,71,Cases_SierraLeone,79
334,5/28/2014,67,Cases_SierraLeone,50
335,5/27/2014,66,Cases_SierraLeone,16
336,5/23/2014,62,Cases_SierraLeone,0
337,05-12-2014,51,Cases_SierraLeone,0
338,05-10-2014,49,Cases_SierraLeone,0
339,05-07-2014,46,Cases_SierraLeone,0
340,05-05-2014,44,Cases_SierraLeone,0
341,05-03-2014,42,Cases_SierraLeone,0
342,05-01-2014,40,Cases_SierraLeone,0
343,4/26/2014,35,Cases_SierraLeone,0
344,4/24/2014,33,Cases_SierraLeone,0
345,4/23/2014,32,Cases_SierraLeone,0
346,4/22/2014,31,Cases_SierraLeone,0
347,4/21/2014,30,Cases_SierraLeone,0
348,4/20/2014,29,Cases_SierraLeone,0
349,4/17/2014,26,Cases_SierraLeone,0
350,4/16/2014,25,Cases_SierraLeone,0
351,4/15/2014,24,Cases_SierraLeone,12
352,4/14/2014,23,Cases_SierraLeone,0
353,04-11-2014,20,Cases_SierraLeone,2
354,04-09-2014,18,Cases_SierraLeone,2
355,04-07-2014,16,Cases_SierraLeone,2
356,04-04-2014,13,Cases_SierraLeone,2
357,04-01-2014,10,Cases_SierraLeone,2
358,3/31/2014,9,Cases_SierraLeone,2
359,3/29/2014,7,Cases_SierraLeone,0
360,3/28/2014,6,Cases_SierraLeone,2
361,3/27/2014,5,Cases_SierraLeone,6
362,3/26/2014,4,Cases_SierraLeone,0
363,3/25/2014,3,Cases_SierraLeone,0
364,3/24/2014,2,Cases_SierraLeone,0
365,3/22/2014,0,Cases_SierraLeone,0
366,01-05-2015,289,Cases_Nigeria,0
367,01-04-2015,288,Cases_Nigeria,0
368,01-03-2015,287,Cases_Nigeria,0
369,01-02-2015,286,Cases_Nigeria,0
370,12/31/2014,284,Cases_Nigeria,0
371,12/28/2014,281,Cases_Nigeria,0
372,12/27/2014,280,Cases_Nigeria,0
373,12/24/2014,277,Cases_Nigeria,0
374,12/21/2014,273,Cases_Nigeria,0
375,12/20/2014,272,Cases_Nigeria,0
376,12/18/2014,271,Cases_Nigeria,0
377,12/14/2014,267,Cases_Nigeria,0
378,12-09-2014,262,Cases_Nigeria,0
379,12-07-2014,260,Cases_Nigeria,20
380,12-03-2014,256,Cases_Nigeria,0
381,11/30/2014,253,Cases_Nigeria,20
382,11/28/2014,251,Cases_Nigeria,0
383,11/23/2014,246,Cases_Nigeria,20
384,11/22/2014,245,Cases_Nigeria,0
385,11/18/2014,241,Cases_Nigeria,20
386,11/16/2014,239,Cases_Nigeria,20
387,11/15/2014,238,Cases_Nigeria,0
388,11-11-2014,234,Cases_Nigeria,20
389,11-10-2014,233,Cases_Nigeria,0
390,11-09-2014,232,Cases_Nigeria,20
391,11-08-2014,231,Cases_Nigeria,0
392,11-04-2014,227,Cases_Nigeria,20
393,11-03-2014,226,Cases_Nigeria,0
394,11-02-2014,225,Cases_Nigeria,20
395,10/31/2014,222,Cases_Nigeria,0
396,10/29/2014,220,Cases_Nigeria,20
397,10/27/2014,218,Cases_Nigeria,20
398,10/25/2014,216,Cases_Nigeria,0
399,10/22/2014,214,Cases_Nigeria,0
400,10/21/2014,213,Cases_Nigeria,0
401,10/19/2014,211,Cases_Nigeria,20
402,10/18/2014,210,Cases_Nigeria,0
403,10/14/2014,206,Cases_Nigeria,20
404,10/13/2014,205,Cases_Nigeria,0
405,10-12-2014,204,Cases_Nigeria,20
406,10-11-2014,203,Cases_Nigeria,0
407,10-08-2014,200,Cases_Nigeria,20
408,10-07-2014,199,Cases_Nigeria,0
409,10-05-2014,197,Cases_Nigeria,20
410,10-04-2014,196,Cases_Nigeria,0
411,10-01-2014,193,Cases_Nigeria,20
412,9/28/2014,190,Cases_Nigeria,20
413,9/23/2014,185,Cases_Nigeria,20
414,9/21/2014,183,Cases_Nigeria,20
415,9/20/2014,182,Cases_Nigeria,0
416,9/19/2014,181,Cases_Nigeria,0
417,9/17/2014,179,Cases_Nigeria,0
418,9/14/2014,176,Cases_Nigeria,0
419,9/13/2014,175,Cases_Nigeria,21
420,09-10-2014,172,Cases_Nigeria,21
421,09-09-2014,171,Cases_Nigeria,0
422,09-07-2014,169,Cases_Nigeria,21
423,09-05-2014,167,Cases_Nigeria,22
424,8/31/2014,162,Cases_Nigeria,21
425,8/26/2014,157,Cases_Nigeria,17
426,8/20/2014,151,Cases_Nigeria,16
427,8/18/2014,149,Cases_Nigeria,15
428,8/16/2014,147,Cases_Nigeria,15
429,8/13/2014,144,Cases_Nigeria,12
430,08-11-2014,142,Cases_Nigeria,12
431,08-09-2014,140,Cases_Nigeria,13
432,08-06-2014,137,Cases_Nigeria,13
433,08-04-2014,135,Cases_Nigeria,9
434,08-01-2014,132,Cases_Nigeria,4
435,7/30/2014,129,Cases_Nigeria,3
436,7/27/2014,126,Cases_Nigeria,1
437,7/23/2014,123,Cases_Nigeria,0
438,7/20/2014,120,Cases_Nigeria,0
439,7/17/2014,117,Cases_Nigeria,0
440,7/14/2014,114,Cases_Nigeria,0
441,07-12-2014,112,Cases_Nigeria,0
442,07-08-2014,108,Cases_Nigeria,0
443,07-06-2014,106,Cases_Nigeria,0
444,07-02-2014,102,Cases_Nigeria,0
445,6/30/2014,100,Cases_Nigeria,0
446,6/22/2014,92,Cases_Nigeria,0
447,6/20/2014,90,Cases_Nigeria,0
448,6/19/2014,89,Cases_Nigeria,0
449,6/18/2014,88,Cases_Nigeria,0
450,6/17/2014,87,Cases_Nigeria,0
451,6/16/2014,86,Cases_Nigeria,0
452,06-10-2014,80,Cases_Nigeria,0
453,06-05-2014,75,Cases_Nigeria,0
454,06-03-2014,73,Cases_Nigeria,0
455,06-01-2014,71,Cases_Nigeria,0
456,5/28/2014,67,Cases_Nigeria,0
457,5/27/2014,66,Cases_Nigeria,0
458,5/23/2014,62,Cases_Nigeria,0
459,05-12-2014,51,Cases_Nigeria,0
460,05-10-2014,49,Cases_Nigeria,0
461,05-07-2014,46,Cases_Nigeria,0
462,05-05-2014,44,Cases_Nigeria,0
463,05-03-2014,42,Cases_Nigeria,0
464,05-01-2014,40,Cases_Nigeria,0
465,4/26/2014,35,Cases_Nigeria,0
466,4/24/2014,33,Cases_Nigeria,0
467,4/23/2014,32,Cases_Nigeria,0
468,4/22/2014,31,Cases_Nigeria,0
469,4/21/2014,30,Cases_Nigeria,0
470,4/20/2014,29,Cases_Nigeria,0
471,4/17/2014,26,Cases_Nigeria,0
472,4/16/2014,25,Cases_Nigeria,0
473,4/15/2014,24,Cases_Nigeria,0
474,4/14/2014,23,Cases_Nigeria,0
475,04-11-2014,20,Cases_Nigeria,0
476,04-09-2014,18,Cases_Nigeria,0
477,04-07-2014,16,Cases_Nigeria,0
478,04-04-2014,13,Cases_Nigeria,0
479,04-01-2014,10,Cases_Nigeria,0
480,3/31/2014,9,Cases_Nigeria,0
481,3/29/2014,7,Cases_Nigeria,0
482,3/28/2014,6,Cases_Nigeria,0
483,3/27/2014,5,Cases_Nigeria,0
484,3/26/2014,4,Cases_Nigeria,0
485,3/25/2014,3,Cases_Nigeria,0
486,3/24/2014,2,Cases_Nigeria,0
487,3/22/2014,0,Cases_Nigeria,0
488,01-05-2015,289,Cases_Senegal,0
489,01-04-2015,288,Cases_Senegal,0
490,01-03-2015,287,Cases_Senegal,0
491,01-02-2015,286,Cases_Senegal,0
492,12/31/2014,284,Cases_Senegal,0
493,12/28/2014,281,Cases_Senegal,0
494,12/27/2014,280,Cases_Senegal,0
495,12/24/2014,277,Cases_Senegal,0
496,12/21/2014,273,Cases_Senegal,0
497,12/20/2014,272,Cases_Senegal,0
498,12/18/2014,271,Cases_Senegal,0
499,12/14/2014,267,Cases_Senegal,0
500,12-09-2014,262,Cases_Senegal,0
501,12-07-2014,260,Cases_Senegal,1
502,12-03-2014,256,Cases_Senegal,0
503,11/30/2014,253,Cases_Senegal,1
504,11/28/2014,251,Cases_Senegal,0
505,11/23/2014,246,Cases_Senegal,1
506,11/22/2014,245,Cases_Senegal,0
507,11/18/2014,241,Cases_Senegal,1
508,11/16/2014,239,Cases_Senegal,1
509,11/15/2014,238,Cases_Senegal,0
510,11-11-2014,234,Cases_Senegal,1
511,11-10-2014,233,Cases_Senegal,0
512,11-09-2014,232,Cases_Senegal,1
513,11-08-2014,231,Cases_Senegal,0
514,11-04-2014,227,Cases_Senegal,1
515,11-03-2014,226,Cases_Senegal,0
516,11-02-2014,225,Cases_Senegal,1
517,10/31/2014,222,Cases_Senegal,0
518,10/29/2014,220,Cases_Senegal,1
519,10/27/2014,218,Cases_Senegal,1
520,10/25/2014,216,Cases_Senegal,0
521,10/22/2014,214,Cases_Senegal,0
522,10/21/2014,213,Cases_Senegal,0
523,10/19/2014,211,Cases_Senegal,1
524,10/18/2014,210,Cases_Senegal,0
525,10/14/2014,206,Cases_Senegal,1
526,10/13/2014,205,Cases_Senegal,0
527,10-12-2014,204,Cases_Senegal,1
528,10-11-2014,203,Cases_Senegal,0
529,10-08-2014,200,Cases_Senegal,1
530,10-07-2014,199,Cases_Senegal,0
531,10-05-2014,197,Cases_Senegal,1
532,10-04-2014,196,Cases_Senegal,0
533,10-01-2014,193,Cases_Senegal,1
534,9/28/2014,190,Cases_Senegal,1
535,9/23/2014,185,Cases_Senegal,1
536,9/21/2014,183,Cases_Senegal,1
537,9/20/2014,182,Cases_Senegal,0
538,9/19/2014,181,Cases_Senegal,0
539,9/17/2014,179,Cases_Senegal,0
540,9/14/2014,176,Cases_Senegal,0
541,9/13/2014,175,Cases_Senegal,1
542,09-10-2014,172,Cases_Senegal,1
543,09-09-2014,171,Cases_Senegal,0
544,09-07-2014,169,Cases_Senegal,3
545,09-05-2014,167,Cases_Senegal,1
546,8/31/2014,162,Cases_Senegal,1
547,8/26/2014,157,Cases_Senegal,0
548,8/20/2014,151,Cases_Senegal,0
549,8/18/2014,149,Cases_Senegal,0
550,8/16/2014,147,Cases_Senegal,0
551,8/13/2014,144,Cases_Senegal,0
552,08-11-2014,142,Cases_Senegal,0
553,08-09-2014,140,Cases_Senegal,0
554,08-06-2014,137,Cases_Senegal,0
555,08-04-2014,135,Cases_Senegal,0
556,08-01-2014,132,Cases_Senegal,0
557,7/30/2014,129,Cases_Senegal,0
558,7/27/2014,126,Cases_Senegal,0
559,7/23/2014,123,Cases_Senegal,0
560,7/20/2014,120,Cases_Senegal,0
561,7/17/2014,117,Cases_Senegal,0
562,7/14/2014,114,Cases_Senegal,0
563,07-12-2014,112,Cases_Senegal,0
564,07-08-2014,108,Cases_Senegal,0
565,07-06-2014,106,Cases_Senegal,0
566,07-02-2014,102,Cases_Senegal,0
567,6/30/2014,100,Cases_Senegal,0
568,6/22/2014,92,Cases_Senegal,0
569,6/20/2014,90,Cases_Senegal,0
570,6/19/2014,89,Cases_Senegal,0
571,6/18/2014,88,Cases_Senegal,0
572,6/17/2014,87,Cases_Senegal,0
573,6/16/2014,86,Cases_Senegal,0
574,06-10-2014,80,Cases_Senegal,0
575,06-05-2014,75,Cases_Senegal,0
576,06-03-2014,73,Cases_Senegal,0
577,06-01-2014,71,Cases_Senegal,0
578,5/28/2014,67,Cases_Senegal,0
579,5/27/2014,66,Cases_Senegal,0
580,5/23/2014,62,Cases_Senegal,0
581,05-12-2014,51,Cases_Senegal,0
582,05-10-2014,49,Cases_Senegal,0
583,05-07-2014,46,Cases_Senegal,0
584,05-05-2014,44,Cases_Senegal,0
585,05-03-2014,42,Cases_Senegal,0
586,05-01-2014,40,Cases_Senegal,0
587,4/26/2014,35,Cases_Senegal,0
588,4/24/2014,33,Cases_Senegal,0
589,4/23/2014,32,Cases_Senegal,0
590,4/22/2014,31,Cases_Senegal,0
591,4/21/2014,30,Cases_Senegal,0
592,4/20/2014,29,Cases_Senegal,0
593,4/17/2014,26,Cases_Senegal,0
594,4/16/2014,25,Cases_Senegal,0
595,4/15/2014,24,Cases_Senegal,0
596,4/14/2014,23,Cases_Senegal,0
597,04-11-2014,20,Cases_Senegal,0
598,04-09-2014,18,Cases_Senegal,0
599,04-07-2014,16,Cases_Senegal,0
600,04-04-2014,13,Cases_Senegal,0
601,04-01-2014,10,Cases_Senegal,0
602,3/31/2014,9,Cases_Senegal,0
603,3/29/2014,7,Cases_Senegal,0
604,3/28/2014,6,Cases_Senegal,0
605,3/27/2014,5,Cases_Senegal,0
606,3/26/2014,4,Cases_Senegal,0
607,3/25/2014,3,Cases_Senegal,0
608,3/24/2014,2,Cases_Senegal,0
609,3/22/2014,0,Cases_Senegal,0
610,01-05-2015,289,Cases_UnitedStates,0
611,01-04-2015,288,Cases_UnitedStates,0
612,01-03-2015,287,Cases_UnitedStates,0
613,01-02-2015,286,Cases_UnitedStates,0
614,12/31/2014,284,Cases_UnitedStates,0
615,12/28/2014,281,Cases_UnitedStates,0
616,12/27/2014,280,Cases_UnitedStates,0
617,12/24/2014,277,Cases_UnitedStates,0
618,12/21/2014,273,Cases_UnitedStates,0
619,12/20/2014,272,Cases_UnitedStates,0
620,12/18/2014,271,Cases_UnitedStates,0
621,12/14/2014,267,Cases_UnitedStates,0
622,12-09-2014,262,Cases_UnitedStates,0
623,12-07-2014,260,Cases_UnitedStates,4
624,12-03-2014,256,Cases_UnitedStates,0
625,11/30/2014,253,Cases_UnitedStates,4
626,11/28/2014,251,Cases_UnitedStates,0
627,11/23/2014,246,Cases_UnitedStates,4
628,11/22/2014,245,Cases_UnitedStates,0
629,11/18/2014,241,Cases_UnitedStates,4
630,11/16/2014,239,Cases_UnitedStates,4
631,11/15/2014,238,Cases_UnitedStates,0
632,11-11-2014,234,Cases_UnitedStates,4
633,11-10-2014,233,Cases_UnitedStates,0
634,11-09-2014,232,Cases_UnitedStates,4
635,11-08-2014,231,Cases_UnitedStates,0
636,11-04-2014,227,Cases_UnitedStates,4
637,11-03-2014,226,Cases_UnitedStates,0
638,11-02-2014,225,Cases_UnitedStates,4
639,10/31/2014,222,Cases_UnitedStates,0
640,10/29/2014,220,Cases_UnitedStates,4
641,10/27/2014,218,Cases_UnitedStates,4
642,10/25/2014,216,Cases_UnitedStates,0
643,10/22/2014,214,Cases_UnitedStates,4
644,10/21/2014,213,Cases_UnitedStates,0
645,10/19/2014,211,Cases_UnitedStates,3
646,10/18/2014,210,Cases_UnitedStates,0
647,10/14/2014,206,Cases_UnitedStates,3
648,10/13/2014,205,Cases_UnitedStates,0
649,10-12-2014,204,Cases_UnitedStates,2
650,10-11-2014,203,Cases_UnitedStates,0
651,10-08-2014,200,Cases_UnitedStates,1
652,10-07-2014,199,Cases_UnitedStates,0
653,10-05-2014,197,Cases_UnitedStates,1
654,10-04-2014,196,Cases_UnitedStates,0
655,10-01-2014,193,Cases_UnitedStates,1
656,9/28/2014,190,Cases_UnitedStates,0
657,9/23/2014,185,Cases_UnitedStates,0
658,9/21/2014,183,Cases_UnitedStates,0
659,9/20/2014,182,Cases_UnitedStates,0
660,9/19/2014,181,Cases_UnitedStates,0
661,9/17/2014,179,Cases_UnitedStates,0
662,9/14/2014,176,Cases_UnitedStates,0
663,9/13/2014,175,Cases_UnitedStates,0
664,09-10-2014,172,Cases_UnitedStates,0
665,09-09-2014,171,Cases_UnitedStates,0
666,09-07-2014,169,Cases_UnitedStates,0
667,09-05-2014,167,Cases_UnitedStates,0
668,8/31/2014,162,Cases_UnitedStates,0
669,8/26/2014,157,Cases_UnitedStates,0
670,8/20/2014,151,Cases_UnitedStates,0
671,8/18/2014,149,Cases_UnitedStates,0
672,8/16/2014,147,Cases_UnitedStates,0
673,8/13/2014,144,Cases_UnitedStates,0
674,08-11-2014,142,Cases_UnitedStates,0
675,08-09-2014,140,Cases_UnitedStates,0
676,08-06-2014,137,Cases_UnitedStates,0
677,08-04-2014,135,Cases_UnitedStates,0
678,08-01-2014,132,Cases_UnitedStates,0
679,7/30/2014,129,Cases_UnitedStates,0
680,7/27/2014,126,Cases_UnitedStates,0
681,7/23/2014,123,Cases_UnitedStates,0
682,7/20/2014,120,Cases_UnitedStates,0
683,7/17/2014,117,Cases_UnitedStates,0
684,7/14/2014,114,Cases_UnitedStates,0
685,07-12-2014,112,Cases_UnitedStates,0
686,07-08-2014,108,Cases_UnitedStates,0
687,07-06-2014,106,Cases_UnitedStates,0
688,07-02-2014,102,Cases_UnitedStates,0
689,6/30/2014,100,Cases_UnitedStates,0
690,6/22/2014,92,Cases_UnitedStates,0
691,6/20/2014,90,Cases_UnitedStates,0
692,6/19/2014,89,Cases_UnitedStates,0
693,6/18/2014,88,Cases_UnitedStates,0
694,6/17/2014,87,Cases_UnitedStates,0
695,6/16/2014,86,Cases_UnitedStates,0
696,06-10-2014,80,Cases_UnitedStates,0
697,06-05-2014,75,Cases_UnitedStates,0
698,06-03-2014,73,Cases_UnitedStates,0
699,06-01-2014,71,Cases_UnitedStates,0
700,5/28/2014,67,Cases_UnitedStates,0
701,5/27/2014,66,Cases_UnitedStates,0
702,5/23/2014,62,Cases_UnitedStates,0
703,05-12-2014,51,Cases_UnitedStates,0
704,05-10-2014,49,Cases_UnitedStates,0
705,05-07-2014,46,Cases_UnitedStates,0
706,05-05-2014,44,Cases_UnitedStates,0
707,05-03-2014,42,Cases_UnitedStates,0
708,05-01-2014,40,Cases_UnitedStates,0
709,4/26/2014,35,Cases_UnitedStates,0
710,4/24/2014,33,Cases_UnitedStates,0
711,4/23/2014,32,Cases_UnitedStates,0
712,4/22/2014,31,Cases_UnitedStates,0
713,4/21/2014,30,Cases_UnitedStates,0
714,4/20/2014,29,Cases_UnitedStates,0
715,4/17/2014,26,Cases_UnitedStates,0
716,4/16/2014,25,Cases_UnitedStates,0
717,4/15/2014,24,Cases_UnitedStates,0
718,4/14/2014,23,Cases_UnitedStates,0
719,04-11-2014,20,Cases_UnitedStates,0
720,04-09-2014,18,Cases_UnitedStates,0
721,04-07-2014,16,Cases_UnitedStates,0
722,04-04-2014,13,Cases_UnitedStates,0
723,04-01-2014,10,Cases_UnitedStates,0
724,3/31/2014,9,Cases_UnitedStates,0
725,3/29/2014,7,Cases_UnitedStates,0
726,3/28/2014,6,Cases_UnitedStates,0
727,3/27/2014,5,Cases_UnitedStates,0
728,3/26/2014,4,Cases_UnitedStates,0
729,3/25/2014,3,Cases_UnitedStates,0
730,3/24/2014,2,Cases_UnitedStates,0
731,3/22/2014,0,Cases_UnitedStates,0
732,01-05-2015,289,Cases_Spain,0
733,01-04-2015,288,Cases_Spain,0
734,01-03-2015,287,Cases_Spain,0
735,01-02-2015,286,Cases_Spain,0
736,12/31/2014,284,Cases_Spain,0
737,12/28/2014,281,Cases_Spain,0
738,12/27/2014,280,Cases_Spain,0
739,12/24/2014,277,Cases_Spain,0
740,12/21/2014,273,Cases_Spain,0
741,12/20/2014,272,Cases_Spain,0
742,12/18/2014,271,Cases_Spain,0
743,12/14/2014,267,Cases_Spain,0
744,12-09-2014,262,Cases_Spain,0
745,12-07-2014,260,Cases_Spain,1
746,12-03-2014,256,Cases_Spain,0
747,11/30/2014,253,Cases_Spain,1
748,11/28/2014,251,Cases_Spain,0
749,11/23/2014,246,Cases_Spain,1
750,11/22/2014,245,Cases_Spain,0
751,11/18/2014,241,Cases_Spain,1
752,11/16/2014,239,Cases_Spain,1
753,11/15/2014,238,Cases_Spain,0
754,11-11-2014,234,Cases_Spain,1
755,11-10-2014,233,Cases_Spain,0
756,11-09-2014,232,Cases_Spain,1
757,11-08-2014,231,Cases_Spain,0
758,11-04-2014,227,Cases_Spain,1
759,11-03-2014,226,Cases_Spain,0
760,11-02-2014,225,Cases_Spain,1
761,10/31/2014,222,Cases_Spain,0
762,10/29/2014,220,Cases_Spain,1
763,10/27/2014,218,Cases_Spain,1
764,10/25/2014,216,Cases_Spain,0
765,10/22/2014,214,Cases_Spain,1
766,10/21/2014,213,Cases_Spain,0
767,10/19/2014,211,Cases_Spain,1
768,10/18/2014,210,Cases_Spain,0
769,10/14/2014,206,Cases_Spain,1
770,10/13/2014,205,Cases_Spain,0
771,10-12-2014,204,Cases_Spain,1
772,10-11-2014,203,Cases_Spain,0
773,10-08-2014,200,Cases_Spain,1
774,10-07-2014,199,Cases_Spain,0
775,10-05-2014,197,Cases_Spain,0
776,10-04-2014,196,Cases_Spain,0
777,10-01-2014,193,Cases_Spain,0
778,9/28/2014,190,Cases_Spain,0
779,9/23/2014,185,Cases_Spain,0
780,9/21/2014,183,Cases_Spain,0
781,9/20/2014,182,Cases_Spain,0
782,9/19/2014,181,Cases_Spain,0
783,9/17/2014,179,Cases_Spain,0
784,9/14/2014,176,Cases_Spain,0
785,9/13/2014,175,Cases_Spain,0
786,09-10-2014,172,Cases_Spain,0
787,09-09-2014,171,Cases_Spain,0
788,09-07-2014,169,Cases_Spain,0
789,09-05-2014,167,Cases_Spain,0
790,8/31/2014,162,Cases_Spain,0
791,8/26/2014,157,Cases_Spain,0
792,8/20/2014,151,Cases_Spain,0
793,8/18/2014,149,Cases_Spain,0
794,8/16/2014,147,Cases_Spain,0
795,8/13/2014,144,Cases_Spain,0
796,08-11-2014,142,Cases_Spain,0
797,08-09-2014,140,Cases_Spain,0
798,08-06-2014,137,Cases_Spain,0
799,08-04-2014,135,Cases_Spain,0
800,08-01-2014,132,Cases_Spain,0
801,7/30/2014,129,Cases_Spain,0
802,7/27/2014,126,Cases_Spain,0
803,7/23/2014,123,Cases_Spain,0
804,7/20/2014,120,Cases_Spain,0
805,7/17/2014,117,Cases_Spain,0
806,7/14/2014,114,Cases_Spain,0
807,07-12-2014,112,Cases_Spain,0
808,07-08-2014,108,Cases_Spain,0
809,07-06-2014,106,Cases_Spain,0
810,07-02-2014,102,Cases_Spain,0
811,6/30/2014,100,Cases_Spain,0
812,6/22/2014,92,Cases_Spain,0
813,6/20/2014,90,Cases_Spain,0
814,6/19/2014,89,Cases_Spain,0
815,6/18/2014,88,Cases_Spain,0
816,6/17/2014,87,Cases_Spain,0
817,6/16/2014,86,Cases_Spain,0
818,06-10-2014,80,Cases_Spain,0
819,06-05-2014,75,Cases_Spain,0
820,06-03-2014,73,Cases_Spain,0
821,06-01-2014,71,Cases_Spain,0
822,5/28/2014,67,Cases_Spain,0
823,5/27/2014,66,Cases_Spain,0
824,5/23/2014,62,Cases_Spain,0
825,05-12-2014,51,Cases_Spain,0
826,05-10-2014,49,Cases_Spain,0
827,05-07-2014,46,Cases_Spain,0
828,05-05-2014,44,Cases_Spain,0
829,05-03-2014,42,Cases_Spain,0
830,05-01-2014,40,Cases_Spain,0
831,4/26/2014,35,Cases_Spain,0
832,4/24/2014,33,Cases_Spain,0
833,4/23/2014,32,Cases_Spain,0
834,4/22/2014,31,Cases_Spain,0
835,4/21/2014,30,Cases_Spain,0
836,4/20/2014,29,Cases_Spain,0
837,4/17/2014,26,Cases_Spain,0
838,4/16/2014,25,Cases_Spain,0
839,4/15/2014,24,Cases_Spain,0
840,4/14/2014,23,Cases_Spain,0
841,04-11-2014,20,Cases_Spain,0
842,04-09-2014,18,Cases_Spain,0
843,04-07-2014,16,Cases_Spain,0
844,04-04-2014,13,Cases_Spain,0
845,04-01-2014,10,Cases_Spain,0
846,3/31/2014,9,Cases_Spain,0
847,3/29/2014,7,Cases_Spain,0
848,3/28/2014,6,Cases_Spain,0
849,3/27/2014,5,Cases_Spain,0
850,3/26/2014,4,Cases_Spain,0
851,3/25/2014,3,Cases_Spain,0
852,3/24/2014,2,Cases_Spain,0
853,3/22/2014,0,Cases_Spain,0
854,01-05-2015,289,Cases_Mali,0
855,01-04-2015,288,Cases_Mali,0
856,01-03-2015,287,Cases_Mali,0
857,01-02-2015,286,Cases_Mali,0
858,12/31/2014,284,Cases_Mali,0
859,12/28/2014,281,Cases_Mali,0
860,12/27/2014,280,Cases_Mali,0
861,12/24/2014,277,Cases_Mali,0
862,12/21/2014,273,Cases_Mali,0
863,12/20/2014,272,Cases_Mali,0
864,12/18/2014,271,Cases_Mali,0
865,12/14/2014,267,Cases_Mali,0
866,12-09-2014,262,Cases_Mali,0
867,12-07-2014,260,Cases_Mali,7
868,12-03-2014,256,Cases_Mali,0
869,11/30/2014,253,Cases_Mali,7
870,11/28/2014,251,Cases_Mali,0
871,11/23/2014,246,Cases_Mali,7
872,11/22/2014,245,Cases_Mali,0
873,11/18/2014,241,Cases_Mali,6
874,11/16/2014,239,Cases_Mali,5
875,11/15/2014,238,Cases_Mali,0
876,11-11-2014,234,Cases_Mali,4
877,11-10-2014,233,Cases_Mali,0
878,11-09-2014,232,Cases_Mali,1
879,11-08-2014,231,Cases_Mali,0
880,11-04-2014,227,Cases_Mali,1
881,11-03-2014,226,Cases_Mali,0
882,11-02-2014,225,Cases_Mali,1
883,10/31/2014,222,Cases_Mali,0
884,10/29/2014,220,Cases_Mali,1
885,10/27/2014,218,Cases_Mali,1
886,10/25/2014,216,Cases_Mali,0
887,10/22/2014,214,Cases_Mali,1
888,10/21/2014,213,Cases_Mali,0
889,10/19/2014,211,Cases_Mali,0
890,10/18/2014,210,Cases_Mali,0
891,10/14/2014,206,Cases_Mali,0
892,10/13/2014,205,Cases_Mali,0
893,10-12-2014,204,Cases_Mali,0
894,10-11-2014,203,Cases_Mali,0
895,10-08-2014,200,Cases_Mali,0
896,10-07-2014,199,Cases_Mali,0
897,10-05-2014,197,Cases_Mali,0
898,10-04-2014,196,Cases_Mali,0
899,10-01-2014,193,Cases_Mali,0
900,9/28/2014,190,Cases_Mali,0
901,9/23/2014,185,Cases_Mali,0
902,9/21/2014,183,Cases_Mali,0
903,9/20/2014,182,Cases_Mali,0
904,9/19/2014,181,Cases_Mali,0
905,9/17/2014,179,Cases_Mali,0
906,9/14/2014,176,Cases_Mali,0
907,9/13/2014,175,Cases_Mali,0
908,09-10-2014,172,Cases_Mali,0
909,09-09-2014,171,Cases_Mali,0
910,09-07-2014,169,Cases_Mali,0
911,09-05-2014,167,Cases_Mali,0
912,8/31/2014,162,Cases_Mali,0
913,8/26/2014,157,Cases_Mali,0
914,8/20/2014,151,Cases_Mali,0
915,8/18/2014,149,Cases_Mali,0
916,8/16/2014,147,Cases_Mali,0
917,8/13/2014,144,Cases_Mali,0
918,08-11-2014,142,Cases_Mali,0
919,08-09-2014,140,Cases_Mali,0
920,08-06-2014,137,Cases_Mali,0
921,08-04-2014,135,Cases_Mali,0
922,08-01-2014,132,Cases_Mali,0
923,7/30/2014,129,Cases_Mali,0
924,7/27/2014,126,Cases_Mali,0
925,7/23/2014,123,Cases_Mali,0
926,7/20/2014,120,Cases_Mali,0
927,7/17/2014,117,Cases_Mali,0
928,7/14/2014,114,Cases_Mali,0
929,07-12-2014,112,Cases_Mali,0
930,07-08-2014,108,Cases_Mali,0
931,07-06-2014,106,Cases_Mali,0
932,07-02-2014,102,Cases_Mali,0
933,6/30/2014,100,Cases_Mali,0
934,6/22/2014,92,Cases_Mali,0
935,6/20/2014,90,Cases_Mali,0
936,6/19/2014,89,Cases_Mali,0
937,6/18/2014,88,Cases_Mali,0
938,6/17/2014,87,Cases_Mali,0
939,6/16/2014,86,Cases_Mali,0
940,06-10-2014,80,Cases_Mali,0
941,06-05-2014,75,Cases_Mali,0
942,06-03-2014,73,Cases_Mali,0
943,06-01-2014,71,Cases_Mali,0
944,5/28/2014,67,Cases_Mali,0
945,5/27/2014,66,Cases_Mali,0
946,5/23/2014,62,Cases_Mali,0
947,05-12-2014,51,Cases_Mali,0
948,05-10-2014,49,Cases_Mali,0
949,05-07-2014,46,Cases_Mali,0
950,05-05-2014,44,Cases_Mali,0
951,05-03-2014,42,Cases_Mali,0
952,05-01-2014,40,Cases_Mali,0
953,4/26/2014,35,Cases_Mali,0
954,4/24/2014,33,Cases_Mali,0
955,4/23/2014,32,Cases_Mali,0
956,4/22/2014,31,Cases_Mali,0
957,4/21/2014,30,Cases_Mali,0
958,4/20/2014,29,Cases_Mali,0
959,4/17/2014,26,Cases_Mali,0
960,4/16/2014,25,Cases_Mali,0
961,4/15/2014,24,Cases_Mali,0
962,4/14/2014,23,Cases_Mali,0
963,04-11-2014,20,Cases_Mali,0
964,04-09-2014,18,Cases_Mali,0
965,04-07-2014,16,Cases_Mali,0
966,04-04-2014,13,Cases_Mali,0
967,04-01-2014,10,Cases_Mali,0
968,3/31/2014,9,Cases_Mali,0
969,3/29/2014,7,Cases_Mali,0
970,3/28/2014,6,Cases_Mali,0
971,3/27/2014,5,Cases_Mali,0
972,3/26/2014,4,Cases_Mali,0
973,3/25/2014,3,Cases_Mali,0
974,3/24/2014,2,Cases_Mali,0
975,3/22/2014,0,Cases_Mali,0
976,01-05-2015,289,Deaths_Guinea,1786
977,01-04-2015,288,Deaths_Guinea,1781
978,01-03-2015,287,Deaths_Guinea,1767
979,01-02-2015,286,Deaths_Guinea,0
980,12/31/2014,284,Deaths_Guinea,1739
981,12/28/2014,281,Deaths_Guinea,1708
982,12/27/2014,280,Deaths_Guinea,1697
983,12/24/2014,277,Deaths_Guinea,0
984,12/21/2014,273,Deaths_Guinea,1607
985,12/20/2014,272,Deaths_Guinea,1586
986,12/18/2014,271,Deaths_Guinea,0
987,12/14/2014,267,Deaths_Guinea,1525
988,12-09-2014,262,Deaths_Guinea,0
989,12-07-2014,260,Deaths_Guinea,1428
990,12-03-2014,256,Deaths_Guinea,0
991,11/30/2014,253,Deaths_Guinea,1327
992,11/28/2014,251,Deaths_Guinea,0
993,11/23/2014,246,Deaths_Guinea,1260
994,11/22/2014,245,Deaths_Guinea,0
995,11/18/2014,241,Deaths_Guinea,1214
996,11/16/2014,239,Deaths_Guinea,1192
997,11/15/2014,238,Deaths_Guinea,0
998,11-11-2014,234,Deaths_Guinea,1166
999,11-10-2014,233,Deaths_Guinea,0
1000,11-09-2014,232,Deaths_Guinea,1142
1001,11-08-2014,231,Deaths_Guinea,0
1002,11-04-2014,227,Deaths_Guinea,0
1003,11-03-2014,226,Deaths_Guinea,1054
1004,11-02-2014,225,Deaths_Guinea,1041
1005,10/31/2014,222,Deaths_Guinea,0
1006,10/29/2014,220,Deaths_Guinea,1018
1007,10/27/2014,218,Deaths_Guinea,997
1008,10/25/2014,216,Deaths_Guinea,0
1009,10/22/2014,214,Deaths_Guinea,0
1010,10/21/2014,213,Deaths_Guinea,926
1011,10/19/2014,211,Deaths_Guinea,904
1012,10/18/2014,210,Deaths_Guinea,0
1013,10/14/2014,206,Deaths_Guinea,862
1014,10/13/2014,205,Deaths_Guinea,0
1015,10-12-2014,204,Deaths_Guinea,843
1016,10-11-2014,203,Deaths_Guinea,0
1017,10-08-2014,200,Deaths_Guinea,0
1018,10-07-2014,199,Deaths_Guinea,778
1019,10-05-2014,197,Deaths_Guinea,768
1020,10-04-2014,196,Deaths_Guinea,0
1021,10-01-2014,193,Deaths_Guinea,739
1022,9/28/2014,190,Deaths_Guinea,710
1023,9/23/2014,185,Deaths_Guinea,648
1024,9/21/2014,183,Deaths_Guinea,635
1025,9/20/2014,182,Deaths_Guinea,0
1026,9/19/2014,181,Deaths_Guinea,632
1027,9/17/2014,179,Deaths_Guinea,0
1028,9/14/2014,176,Deaths_Guinea,601
1029,9/13/2014,175,Deaths_Guinea,595
1030,09-10-2014,172,Deaths_Guinea,568
1031,09-09-2014,171,Deaths_Guinea,0
1032,09-07-2014,169,Deaths_Guinea,557
1033,09-05-2014,167,Deaths_Guinea,517
1034,8/31/2014,162,Deaths_Guinea,494
1035,8/26/2014,157,Deaths_Guinea,430
1036,8/20/2014,151,Deaths_Guinea,406
1037,8/18/2014,149,Deaths_Guinea,396
1038,8/16/2014,147,Deaths_Guinea,394
1039,8/13/2014,144,Deaths_Guinea,380
1040,08-11-2014,142,Deaths_Guinea,377
1041,08-09-2014,140,Deaths_Guinea,373
1042,08-06-2014,137,Deaths_Guinea,367
1043,08-04-2014,135,Deaths_Guinea,363
1044,08-01-2014,132,Deaths_Guinea,358
1045,7/30/2014,129,Deaths_Guinea,346
1046,7/27/2014,126,Deaths_Guinea,339
1047,7/23/2014,123,Deaths_Guinea,319
1048,7/20/2014,120,Deaths_Guinea,314
1049,7/17/2014,117,Deaths_Guinea,310
1050,7/14/2014,114,Deaths_Guinea,310
1051,07-12-2014,112,Deaths_Guinea,304
1052,07-08-2014,108,Deaths_Guinea,309
1053,07-06-2014,106,Deaths_Guinea,307
1054,07-02-2014,102,Deaths_Guinea,305
1055,6/30/2014,100,Deaths_Guinea,303
1056,6/22/2014,92,Deaths_Guinea,0
1057,6/20/2014,90,Deaths_Guinea,270
1058,6/19/2014,89,Deaths_Guinea,0
1059,6/18/2014,88,Deaths_Guinea,267
1060,6/17/2014,87,Deaths_Guinea,0
1061,6/16/2014,86,Deaths_Guinea,264
1062,06-10-2014,80,Deaths_Guinea,226
1063,06-05-2014,75,Deaths_Guinea,0
1064,06-03-2014,73,Deaths_Guinea,215
1065,06-01-2014,71,Deaths_Guinea,208
1066,5/28/2014,67,Deaths_Guinea,193
1067,5/27/2014,66,Deaths_Guinea,186
1068,5/23/2014,62,Deaths_Guinea,174
1069,05-12-2014,51,Deaths_Guinea,171
1070,05-10-2014,49,Deaths_Guinea,157
1071,05-07-2014,46,Deaths_Guinea,158
1072,05-05-2014,44,Deaths_Guinea,157
1073,05-03-2014,42,Deaths_Guinea,155
1074,05-01-2014,40,Deaths_Guinea,149
1075,4/26/2014,35,Deaths_Guinea,143
1076,4/24/2014,33,Deaths_Guinea,0
1077,4/23/2014,32,Deaths_Guinea,141
1078,4/22/2014,31,Deaths_Guinea,0
1079,4/21/2014,30,Deaths_Guinea,0
1080,4/20/2014,29,Deaths_Guinea,136
1081,4/17/2014,26,Deaths_Guinea,129
1082,4/16/2014,25,Deaths_Guinea,122
1083,4/15/2014,24,Deaths_Guinea,0
1084,4/14/2014,23,Deaths_Guinea,108
1085,04-11-2014,20,Deaths_Guinea,106
1086,04-09-2014,18,Deaths_Guinea,101
1087,04-07-2014,16,Deaths_Guinea,95
1088,04-04-2014,13,Deaths_Guinea,86
1089,04-01-2014,10,Deaths_Guinea,83
1090,3/31/2014,9,Deaths_Guinea,80
1091,3/29/2014,7,Deaths_Guinea,70
1092,3/28/2014,6,Deaths_Guinea,70
1093,3/27/2014,5,Deaths_Guinea,66
1094,3/26/2014,4,Deaths_Guinea,62
1095,3/25/2014,3,Deaths_Guinea,60
1096,3/24/2014,2,Deaths_Guinea,59
1097,3/22/2014,0,Deaths_Guinea,29
1098,01-05-2015,289,Deaths_Liberia,0
1099,01-04-2015,288,Deaths_Liberia,0
1100,01-03-2015,287,Deaths_Liberia,3496
1101,01-02-2015,286,Deaths_Liberia,3496
1102,12/31/2014,284,Deaths_Liberia,3471
1103,12/28/2014,281,Deaths_Liberia,3423
1104,12/27/2014,280,Deaths_Liberia,0
1105,12/24/2014,277,Deaths_Liberia,3413
1106,12/21/2014,273,Deaths_Liberia,0
1107,12/20/2014,272,Deaths_Liberia,3384
1108,12/18/2014,271,Deaths_Liberia,3376
1109,12/14/2014,267,Deaths_Liberia,0
1110,12-09-2014,262,Deaths_Liberia,3290
1111,12-07-2014,260,Deaths_Liberia,0
1112,12-03-2014,256,Deaths_Liberia,3177
1113,11/30/2014,253,Deaths_Liberia,0
1114,11/28/2014,251,Deaths_Liberia,3145
1115,11/23/2014,246,Deaths_Liberia,0
1116,11/22/2014,245,Deaths_Liberia,3016
1117,11/18/2014,241,Deaths_Liberia,2963
1118,11/16/2014,239,Deaths_Liberia,0
1119,11/15/2014,238,Deaths_Liberia,2964
1120,11-11-2014,234,Deaths_Liberia,0
1121,11-10-2014,233,Deaths_Liberia,2812
1122,11-09-2014,232,Deaths_Liberia,0
1123,11-08-2014,231,Deaths_Liberia,2836
1124,11-04-2014,227,Deaths_Liberia,2766
1125,11-03-2014,226,Deaths_Liberia,0
1126,11-02-2014,225,Deaths_Liberia,0
1127,10/31/2014,222,Deaths_Liberia,2697
1128,10/29/2014,220,Deaths_Liberia,0
1129,10/27/2014,218,Deaths_Liberia,0
1130,10/25/2014,216,Deaths_Liberia,2413
1131,10/22/2014,214,Deaths_Liberia,0
1132,10/21/2014,213,Deaths_Liberia,0
1133,10/19/2014,211,Deaths_Liberia,0
1134,10/18/2014,210,Deaths_Liberia,2705
1135,10/14/2014,206,Deaths_Liberia,0
1136,10/13/2014,205,Deaths_Liberia,2484
1137,10-12-2014,204,Deaths_Liberia,0
1138,10-11-2014,203,Deaths_Liberia,2458
1139,10-08-2014,200,Deaths_Liberia,0
1140,10-07-2014,199,Deaths_Liberia,2316
1141,10-05-2014,197,Deaths_Liberia,0
1142,10-04-2014,196,Deaths_Liberia,2210
1143,10-01-2014,193,Deaths_Liberia,2069
1144,9/28/2014,190,Deaths_Liberia,1998
1145,9/23/2014,185,Deaths_Liberia,1830
1146,9/21/2014,183,Deaths_Liberia,1677
1147,9/20/2014,182,Deaths_Liberia,0
1148,9/19/2014,181,Deaths_Liberia,0
1149,9/17/2014,179,Deaths_Liberia,1578
1150,9/14/2014,176,Deaths_Liberia,1459
1151,9/13/2014,175,Deaths_Liberia,1296
1152,09-10-2014,172,Deaths_Liberia,0
1153,09-09-2014,171,Deaths_Liberia,0
1154,09-07-2014,169,Deaths_Liberia,1137
1155,09-05-2014,167,Deaths_Liberia,1089
1156,8/31/2014,162,Deaths_Liberia,871
1157,8/26/2014,157,Deaths_Liberia,694
1158,8/20/2014,151,Deaths_Liberia,624
1159,8/18/2014,149,Deaths_Liberia,576
1160,8/16/2014,147,Deaths_Liberia,466
1161,8/13/2014,144,Deaths_Liberia,413
1162,08-11-2014,142,Deaths_Liberia,355
1163,08-09-2014,140,Deaths_Liberia,323
1164,08-06-2014,137,Deaths_Liberia,294
1165,08-04-2014,135,Deaths_Liberia,282
1166,08-01-2014,132,Deaths_Liberia,255
1167,7/30/2014,129,Deaths_Liberia,227
1168,7/27/2014,126,Deaths_Liberia,156
1169,7/23/2014,123,Deaths_Liberia,129
1170,7/20/2014,120,Deaths_Liberia,127
1171,7/17/2014,117,Deaths_Liberia,116
1172,7/14/2014,114,Deaths_Liberia,106
1173,07-12-2014,112,Deaths_Liberia,105
1174,07-08-2014,108,Deaths_Liberia,88
1175,07-06-2014,106,Deaths_Liberia,84
1176,07-02-2014,102,Deaths_Liberia,75
1177,6/30/2014,100,Deaths_Liberia,65
1178,6/22/2014,92,Deaths_Liberia,34
1179,6/20/2014,90,Deaths_Liberia,0
1180,6/19/2014,89,Deaths_Liberia,25
1181,6/18/2014,88,Deaths_Liberia,0
1182,6/17/2014,87,Deaths_Liberia,0
1183,6/16/2014,86,Deaths_Liberia,24
1184,06-10-2014,80,Deaths_Liberia,24
1185,06-05-2014,75,Deaths_Liberia,0
1186,06-03-2014,73,Deaths_Liberia,12
1187,06-01-2014,71,Deaths_Liberia,12
1188,5/28/2014,67,Deaths_Liberia,12
1189,5/27/2014,66,Deaths_Liberia,11
1190,5/23/2014,62,Deaths_Liberia,11
1191,05-12-2014,51,Deaths_Liberia,11
1192,05-10-2014,49,Deaths_Liberia,11
1193,05-07-2014,46,Deaths_Liberia,11
1194,05-05-2014,44,Deaths_Liberia,11
1195,05-03-2014,42,Deaths_Liberia,11
1196,05-01-2014,40,Deaths_Liberia,11
1197,4/26/2014,35,Deaths_Liberia,0
1198,4/24/2014,33,Deaths_Liberia,0
1199,4/23/2014,32,Deaths_Liberia,0
1200,4/22/2014,31,Deaths_Liberia,0
1201,4/21/2014,30,Deaths_Liberia,11
1202,4/20/2014,29,Deaths_Liberia,6
1203,4/17/2014,26,Deaths_Liberia,0
1204,4/16/2014,25,Deaths_Liberia,13
1205,4/15/2014,24,Deaths_Liberia,0
1206,4/14/2014,23,Deaths_Liberia,0
1207,04-11-2014,20,Deaths_Liberia,13
1208,04-09-2014,18,Deaths_Liberia,12
1209,04-07-2014,16,Deaths_Liberia,10
1210,04-04-2014,13,Deaths_Liberia,7
1211,04-01-2014,10,Deaths_Liberia,5
1212,3/31/2014,9,Deaths_Liberia,4
1213,3/29/2014,7,Deaths_Liberia,2
1214,3/28/2014,6,Deaths_Liberia,3
1215,3/27/2014,5,Deaths_Liberia,6
1216,3/26/2014,4,Deaths_Liberia,0
1217,3/25/2014,3,Deaths_Liberia,0
1218,3/24/2014,2,Deaths_Liberia,0
1219,3/22/2014,0,Deaths_Liberia,0
1220,01-05-2015,289,Deaths_SierraLeone,2977
1221,01-04-2015,288,Deaths_SierraLeone,2943
1222,01-03-2015,287,Deaths_SierraLeone,2915
1223,01-02-2015,286,Deaths_SierraLeone,0
1224,12/31/2014,284,Deaths_SierraLeone,2827
1225,12/28/2014,281,Deaths_SierraLeone,2758
1226,12/27/2014,280,Deaths_SierraLeone,2732
1227,12/24/2014,277,Deaths_SierraLeone,2655
1228,12/21/2014,273,Deaths_SierraLeone,2582
1229,12/20/2014,272,Deaths_SierraLeone,2556
1230,12/18/2014,271,Deaths_SierraLeone,0
1231,12/14/2014,267,Deaths_SierraLeone,2085
1232,12-09-2014,262,Deaths_SierraLeone,0
1233,12-07-2014,260,Deaths_SierraLeone,1768
1234,12-03-2014,256,Deaths_SierraLeone,0
1235,11/30/2014,253,Deaths_SierraLeone,1583
1236,11/28/2014,251,Deaths_SierraLeone,0
1237,11/23/2014,246,Deaths_SierraLeone,1398
1238,11/22/2014,245,Deaths_SierraLeone,0
1239,11/18/2014,241,Deaths_SierraLeone,1267
1240,11/16/2014,239,Deaths_SierraLeone,1250
1241,11/15/2014,238,Deaths_SierraLeone,0
1242,11-11-2014,234,Deaths_SierraLeone,1187
1243,11-10-2014,233,Deaths_SierraLeone,0
1244,11-09-2014,232,Deaths_SierraLeone,1169
1245,11-08-2014,231,Deaths_SierraLeone,0
1246,11-04-2014,227,Deaths_SierraLeone,1130
1247,11-03-2014,226,Deaths_SierraLeone,0
1248,11-02-2014,225,Deaths_SierraLeone,1070
1249,10/31/2014,222,Deaths_SierraLeone,0
1250,10/29/2014,220,Deaths_SierraLeone,1510
1251,10/27/2014,218,Deaths_SierraLeone,1500
1252,10/25/2014,216,Deaths_SierraLeone,0
1253,10/22/2014,214,Deaths_SierraLeone,1281
1254,10/21/2014,213,Deaths_SierraLeone,0
1255,10/19/2014,211,Deaths_SierraLeone,1259
1256,10/18/2014,210,Deaths_SierraLeone,0
1257,10/14/2014,206,Deaths_SierraLeone,1200
1258,10/13/2014,205,Deaths_SierraLeone,0
1259,10-12-2014,204,Deaths_SierraLeone,1183
1260,10-11-2014,203,Deaths_SierraLeone,0
1261,10-08-2014,200,Deaths_SierraLeone,930
1262,10-07-2014,199,Deaths_SierraLeone,0
1263,10-05-2014,197,Deaths_SierraLeone,879
1264,10-04-2014,196,Deaths_SierraLeone,0
1265,10-01-2014,193,Deaths_SierraLeone,623
1266,9/28/2014,190,Deaths_SierraLeone,622
1267,9/23/2014,185,Deaths_SierraLeone,605
1268,9/21/2014,183,Deaths_SierraLeone,597
1269,9/20/2014,182,Deaths_SierraLeone,593
1270,9/19/2014,181,Deaths_SierraLeone,0
1271,9/17/2014,179,Deaths_SierraLeone,0
1272,9/14/2014,176,Deaths_SierraLeone,562
1273,9/13/2014,175,Deaths_SierraLeone,562
1274,09-10-2014,172,Deaths_SierraLeone,536
1275,09-09-2014,171,Deaths_SierraLeone,0
1276,09-07-2014,169,Deaths_SierraLeone,524
1277,09-05-2014,167,Deaths_SierraLeone,491
1278,8/31/2014,162,Deaths_SierraLeone,476
1279,8/26/2014,157,Deaths_SierraLeone,422
1280,8/20/2014,151,Deaths_SierraLeone,392
1281,8/18/2014,149,Deaths_SierraLeone,374
1282,8/16/2014,147,Deaths_SierraLeone,365
1283,8/13/2014,144,Deaths_SierraLeone,348
1284,08-11-2014,142,Deaths_SierraLeone,334
1285,08-09-2014,140,Deaths_SierraLeone,315
1286,08-06-2014,137,Deaths_SierraLeone,298
1287,08-04-2014,135,Deaths_SierraLeone,286
1288,08-01-2014,132,Deaths_SierraLeone,273
1289,7/30/2014,129,Deaths_SierraLeone,252
1290,7/27/2014,126,Deaths_SierraLeone,233
1291,7/23/2014,123,Deaths_SierraLeone,224
1292,7/20/2014,120,Deaths_SierraLeone,219
1293,7/17/2014,117,Deaths_SierraLeone,206
1294,7/14/2014,114,Deaths_SierraLeone,197
1295,07-12-2014,112,Deaths_SierraLeone,194
1296,07-08-2014,108,Deaths_SierraLeone,142
1297,07-06-2014,106,Deaths_SierraLeone,127
1298,07-02-2014,102,Deaths_SierraLeone,101
1299,6/30/2014,100,Deaths_SierraLeone,99
1300,6/22/2014,92,Deaths_SierraLeone,0
1301,6/20/2014,90,Deaths_SierraLeone,34
1302,6/19/2014,89,Deaths_SierraLeone,0
1303,6/18/2014,88,Deaths_SierraLeone,28
1304,6/17/2014,87,Deaths_SierraLeone,49
1305,6/16/2014,86,Deaths_SierraLeone,0
1306,06-10-2014,80,Deaths_SierraLeone,7
1307,06-05-2014,75,Deaths_SierraLeone,6
1308,06-03-2014,73,Deaths_SierraLeone,6
1309,06-01-2014,71,Deaths_SierraLeone,6
1310,5/28/2014,67,Deaths_SierraLeone,6
1311,5/27/2014,66,Deaths_SierraLeone,5
1312,5/23/2014,62,Deaths_SierraLeone,0
1313,05-12-2014,51,Deaths_SierraLeone,0
1314,05-10-2014,49,Deaths_SierraLeone,0
1315,05-07-2014,46,Deaths_SierraLeone,0
1316,05-05-2014,44,Deaths_SierraLeone,0
1317,05-03-2014,42,Deaths_SierraLeone,0
1318,05-01-2014,40,Deaths_SierraLeone,0
1319,4/26/2014,35,Deaths_SierraLeone,0
1320,4/24/2014,33,Deaths_SierraLeone,0
1321,4/23/2014,32,Deaths_SierraLeone,0
1322,4/22/2014,31,Deaths_SierraLeone,0
1323,4/21/2014,30,Deaths_SierraLeone,0
1324,4/20/2014,29,Deaths_SierraLeone,0
1325,4/17/2014,26,Deaths_SierraLeone,0
1326,4/16/2014,25,Deaths_SierraLeone,0
1327,4/15/2014,24,Deaths_SierraLeone,0
1328,4/14/2014,23,Deaths_SierraLeone,0
1329,04-11-2014,20,Deaths_SierraLeone,2
1330,04-09-2014,18,Deaths_SierraLeone,2
1331,04-07-2014,16,Deaths_SierraLeone,2
1332,04-04-2014,13,Deaths_SierraLeone,2
1333,04-01-2014,10,Deaths_SierraLeone,2
1334,3/31/2014,9,Deaths_SierraLeone,2
1335,3/29/2014,7,Deaths_SierraLeone,0
1336,3/28/2014,6,Deaths_SierraLeone,2
1337,3/27/2014,5,Deaths_SierraLeone,5
1338,3/26/2014,4,Deaths_SierraLeone,0
1339,3/25/2014,3,Deaths_SierraLeone,0
1340,3/24/2014,2,Deaths_SierraLeone,0
1341,3/22/2014,0,Deaths_SierraLeone,0
1342,01-05-2015,289,Deaths_Nigeria,0
1343,01-04-2015,288,Deaths_Nigeria,0
1344,01-03-2015,287,Deaths_Nigeria,0
1345,01-02-2015,286,Deaths_Nigeria,0
1346,12/31/2014,284,Deaths_Nigeria,0
1347,12/28/2014,281,Deaths_Nigeria,0
1348,12/27/2014,280,Deaths_Nigeria,0
1349,12/24/2014,277,Deaths_Nigeria,0
1350,12/21/2014,273,Deaths_Nigeria,0
1351,12/20/2014,272,Deaths_Nigeria,0
1352,12/18/2014,271,Deaths_Nigeria,0
1353,12/14/2014,267,Deaths_Nigeria,0
1354,12-09-2014,262,Deaths_Nigeria,0
1355,12-07-2014,260,Deaths_Nigeria,8
1356,12-03-2014,256,Deaths_Nigeria,0
1357,11/30/2014,253,Deaths_Nigeria,8
1358,11/28/2014,251,Deaths_Nigeria,0
1359,11/23/2014,246,Deaths_Nigeria,8
1360,11/22/2014,245,Deaths_Nigeria,0
1361,11/18/2014,241,Deaths_Nigeria,8
1362,11/16/2014,239,Deaths_Nigeria,8
1363,11/15/2014,238,Deaths_Nigeria,0
1364,11-11-2014,234,Deaths_Nigeria,8
1365,11-10-2014,233,Deaths_Nigeria,0
1366,11-09-2014,232,Deaths_Nigeria,8
1367,11-08-2014,231,Deaths_Nigeria,0
1368,11-04-2014,227,Deaths_Nigeria,8
1369,11-03-2014,226,Deaths_Nigeria,0
1370,11-02-2014,225,Deaths_Nigeria,8
1371,10/31/2014,222,Deaths_Nigeria,0
1372,10/29/2014,220,Deaths_Nigeria,8
1373,10/27/2014,218,Deaths_Nigeria,8
1374,10/25/2014,216,Deaths_Nigeria,0
1375,10/22/2014,214,Deaths_Nigeria,0
1376,10/21/2014,213,Deaths_Nigeria,0
1377,10/19/2014,211,Deaths_Nigeria,8
1378,10/18/2014,210,Deaths_Nigeria,0
1379,10/14/2014,206,Deaths_Nigeria,8
1380,10/13/2014,205,Deaths_Nigeria,0
1381,10-12-2014,204,Deaths_Nigeria,8
1382,10-11-2014,203,Deaths_Nigeria,0
1383,10-08-2014,200,Deaths_Nigeria,8
1384,10-07-2014,199,Deaths_Nigeria,0
1385,10-05-2014,197,Deaths_Nigeria,8
1386,10-04-2014,196,Deaths_Nigeria,0
1387,10-01-2014,193,Deaths_Nigeria,8
1388,9/28/2014,190,Deaths_Nigeria,8
1389,9/23/2014,185,Deaths_Nigeria,8
1390,9/21/2014,183,Deaths_Nigeria,8
1391,9/20/2014,182,Deaths_Nigeria,0
1392,9/19/2014,181,Deaths_Nigeria,0
1393,9/17/2014,179,Deaths_Nigeria,0
1394,9/14/2014,176,Deaths_Nigeria,0
1395,9/13/2014,175,Deaths_Nigeria,8
1396,09-10-2014,172,Deaths_Nigeria,8
1397,09-09-2014,171,Deaths_Nigeria,0
1398,09-07-2014,169,Deaths_Nigeria,8
1399,09-05-2014,167,Deaths_Nigeria,8
1400,8/31/2014,162,Deaths_Nigeria,7
1401,8/26/2014,157,Deaths_Nigeria,6
1402,8/20/2014,151,Deaths_Nigeria,5
1403,8/18/2014,149,Deaths_Nigeria,4
1404,8/16/2014,147,Deaths_Nigeria,4
1405,8/13/2014,144,Deaths_Nigeria,4
1406,08-11-2014,142,Deaths_Nigeria,3
1407,08-09-2014,140,Deaths_Nigeria,2
1408,08-06-2014,137,Deaths_Nigeria,2
1409,08-04-2014,135,Deaths_Nigeria,1
1410,08-01-2014,132,Deaths_Nigeria,1
1411,7/30/2014,129,Deaths_Nigeria,1
1412,7/27/2014,126,Deaths_Nigeria,1
1413,7/23/2014,123,Deaths_Nigeria,0
1414,7/20/2014,120,Deaths_Nigeria,0
1415,7/17/2014,117,Deaths_Nigeria,0
1416,7/14/2014,114,Deaths_Nigeria,0
1417,07-12-2014,112,Deaths_Nigeria,0
1418,07-08-2014,108,Deaths_Nigeria,0
1419,07-06-2014,106,Deaths_Nigeria,0
1420,07-02-2014,102,Deaths_Nigeria,0
1421,6/30/2014,100,Deaths_Nigeria,0
1422,6/22/2014,92,Deaths_Nigeria,0
1423,6/20/2014,90,Deaths_Nigeria,0
1424,6/19/2014,89,Deaths_Nigeria,0
1425,6/18/2014,88,Deaths_Nigeria,0
1426,6/17/2014,87,Deaths_Nigeria,0
1427,6/16/2014,86,Deaths_Nigeria,0
1428,06-10-2014,80,Deaths_Nigeria,0
1429,06-05-2014,75,Deaths_Nigeria,0
1430,06-03-2014,73,Deaths_Nigeria,0
1431,06-01-2014,71,Deaths_Nigeria,0
1432,5/28/2014,67,Deaths_Nigeria,0
1433,5/27/2014,66,Deaths_Nigeria,0
1434,5/23/2014,62,Deaths_Nigeria,0
1435,05-12-2014,51,Deaths_Nigeria,0
1436,05-10-2014,49,Deaths_Nigeria,0
1437,05-07-2014,46,Deaths_Nigeria,0
1438,05-05-2014,44,Deaths_Nigeria,0
1439,05-03-2014,42,Deaths_Nigeria,0
1440,05-01-2014,40,Deaths_Nigeria,0
1441,4/26/2014,35,Deaths_Nigeria,0
1442,4/24/2014,33,Deaths_Nigeria,0
1443,4/23/2014,32,Deaths_Nigeria,0
1444,4/22/2014,31,Deaths_Nigeria,0
1445,4/21/2014,30,Deaths_Nigeria,0
1446,4/20/2014,29,Deaths_Nigeria,0
1447,4/17/2014,26,Deaths_Nigeria,0
1448,4/16/2014,25,Deaths_Nigeria,0
1449,4/15/2014,24,Deaths_Nigeria,0
1450,4/14/2014,23,Deaths_Nigeria,0
1451,04-11-2014,20,Deaths_Nigeria,0
1452,04-09-2014,18,Deaths_Nigeria,0
1453,04-07-2014,16,Deaths_Nigeria,0
1454,04-04-2014,13,Deaths_Nigeria,0
1455,04-01-2014,10,Deaths_Nigeria,0
1456,3/31/2014,9,Deaths_Nigeria,0
1457,3/29/2014,7,Deaths_Nigeria,0
1458,3/28/2014,6,Deaths_Nigeria,0
1459,3/27/2014,5,Deaths_Nigeria,0
1460,3/26/2014,4,Deaths_Nigeria,0
1461,3/25/2014,3,Deaths_Nigeria,0
1462,3/24/2014,2,Deaths_Nigeria,0
1463,3/22/2014,0,Deaths_Nigeria,0
1464,01-05-2015,289,Deaths_Senegal,0
1465,01-04-2015,288,Deaths_Senegal,0
1466,01-03-2015,287,Deaths_Senegal,0
1467,01-02-2015,286,Deaths_Senegal,0
1468,12/31/2014,284,Deaths_Senegal,0
1469,12/28/2014,281,Deaths_Senegal,0
1470,12/27/2014,280,Deaths_Senegal,0
1471,12/24/2014,277,Deaths_Senegal,0
1472,12/21/2014,273,Deaths_Senegal,0
1473,12/20/2014,272,Deaths_Senegal,0
1474,12/18/2014,271,Deaths_Senegal,0
1475,12/14/2014,267,Deaths_Senegal,0
1476,12-09-2014,262,Deaths_Senegal,0
1477,12-07-2014,260,Deaths_Senegal,0
1478,12-03-2014,256,Deaths_Senegal,0
1479,11/30/2014,253,Deaths_Senegal,0
1480,11/28/2014,251,Deaths_Senegal,0
1481,11/23/2014,246,Deaths_Senegal,0
1482,11/22/2014,245,Deaths_Senegal,0
1483,11/18/2014,241,Deaths_Senegal,0
1484,11/16/2014,239,Deaths_Senegal,0
1485,11/15/2014,238,Deaths_Senegal,0
1486,11-11-2014,234,Deaths_Senegal,0
1487,11-10-2014,233,Deaths_Senegal,0
1488,11-09-2014,232,Deaths_Senegal,0
1489,11-08-2014,231,Deaths_Senegal,0
1490,11-04-2014,227,Deaths_Senegal,0
1491,11-03-2014,226,Deaths_Senegal,0
1492,11-02-2014,225,Deaths_Senegal,0
1493,10/31/2014,222,Deaths_Senegal,0
1494,10/29/2014,220,Deaths_Senegal,0
1495,10/27/2014,218,Deaths_Senegal,0
1496,10/25/2014,216,Deaths_Senegal,0
1497,10/22/2014,214,Deaths_Senegal,0
1498,10/21/2014,213,Deaths_Senegal,0
1499,10/19/2014,211,Deaths_Senegal,0
1500,10/18/2014,210,Deaths_Senegal,0
1501,10/14/2014,206,Deaths_Senegal,0
1502,10/13/2014,205,Deaths_Senegal,0
1503,10-12-2014,204,Deaths_Senegal,0
1504,10-11-2014,203,Deaths_Senegal,0
1505,10-08-2014,200,Deaths_Senegal,0
1506,10-07-2014,199,Deaths_Senegal,0
1507,10-05-2014,197,Deaths_Senegal,0
1508,10-04-2014,196,Deaths_Senegal,0
1509,10-01-2014,193,Deaths_Senegal,0
1510,9/28/2014,190,Deaths_Senegal,0
1511,9/23/2014,185,Deaths_Senegal,0
1512,9/21/2014,183,Deaths_Senegal,0
1513,9/20/2014,182,Deaths_Senegal,0
1514,9/19/2014,181,Deaths_Senegal,0
1515,9/17/2014,179,Deaths_Senegal,0
1516,9/14/2014,176,Deaths_Senegal,0
1517,9/13/2014,175,Deaths_Senegal,0
1518,09-10-2014,172,Deaths_Senegal,0
1519,09-09-2014,171,Deaths_Senegal,0
1520,09-07-2014,169,Deaths_Senegal,0
1521,09-05-2014,167,Deaths_Senegal,0
1522,8/31/2014,162,Deaths_Senegal,0
1523,8/26/2014,157,Deaths_Senegal,0
1524,8/20/2014,151,Deaths_Senegal,0
1525,8/18/2014,149,Deaths_Senegal,0
1526,8/16/2014,147,Deaths_Senegal,0
1527,8/13/2014,144,Deaths_Senegal,0
1528,08-11-2014,142,Deaths_Senegal,0
1529,08-09-2014,140,Deaths_Senegal,0
1530,08-06-2014,137,Deaths_Senegal,0
1531,08-04-2014,135,Deaths_Senegal,0
1532,08-01-2014,132,Deaths_Senegal,0
1533,7/30/2014,129,Deaths_Senegal,0
1534,7/27/2014,126,Deaths_Senegal,0
1535,7/23/2014,123,Deaths_Senegal,0
1536,7/20/2014,120,Deaths_Senegal,0
1537,7/17/2014,117,Deaths_Senegal,0
1538,7/14/2014,114,Deaths_Senegal,0
1539,07-12-2014,112,Deaths_Senegal,0
1540,07-08-2014,108,Deaths_Senegal,0
1541,07-06-2014,106,Deaths_Senegal,0
1542,07-02-2014,102,Deaths_Senegal,0
1543,6/30/2014,100,Deaths_Senegal,0
1544,6/22/2014,92,Deaths_Senegal,0
1545,6/20/2014,90,Deaths_Senegal,0
1546,6/19/2014,89,Deaths_Senegal,0
1547,6/18/2014,88,Deaths_Senegal,0
1548,6/17/2014,87,Deaths_Senegal,0
1549,6/16/2014,86,Deaths_Senegal,0
1550,06-10-2014,80,Deaths_Senegal,0
1551,06-05-2014,75,Deaths_Senegal,0
1552,06-03-2014,73,Deaths_Senegal,0
1553,06-01-2014,71,Deaths_Senegal,0
1554,5/28/2014,67,Deaths_Senegal,0
1555,5/27/2014,66,Deaths_Senegal,0
1556,5/23/2014,62,Deaths_Senegal,0
1557,05-12-2014,51,Deaths_Senegal,0
1558,05-10-2014,49,Deaths_Senegal,0
1559,05-07-2014,46,Deaths_Senegal,0
1560,05-05-2014,44,Deaths_Senegal,0
1561,05-03-2014,42,Deaths_Senegal,0
1562,05-01-2014,40,Deaths_Senegal,0
1563,4/26/2014,35,Deaths_Senegal,0
1564,4/24/2014,33,Deaths_Senegal,0
1565,4/23/2014,32,Deaths_Senegal,0
1566,4/22/2014,31,Deaths_Senegal,0
1567,4/21/2014,30,Deaths_Senegal,0
1568,4/20/2014,29,Deaths_Senegal,0
1569,4/17/2014,26,Deaths_Senegal,0
1570,4/16/2014,25,Deaths_Senegal,0
1571,4/15/2014,24,Deaths_Senegal,0
1572,4/14/2014,23,Deaths_Senegal,0
1573,04-11-2014,20,Deaths_Senegal,0
1574,04-09-2014,18,Deaths_Senegal,0
1575,04-07-2014,16,Deaths_Senegal,0
1576,04-04-2014,13,Deaths_Senegal,0
1577,04-01-2014,10,Deaths_Senegal,0
1578,3/31/2014,9,Deaths_Senegal,0
1579,3/29/2014,7,Deaths_Senegal,0
1580,3/28/2014,6,Deaths_Senegal,0
1581,3/27/2014,5,Deaths_Senegal,0
1582,3/26/2014,4,Deaths_Senegal,0
1583,3/25/2014,3,Deaths_Senegal,0
1584,3/24/2014,2,Deaths_Senegal,0
1585,3/22/2014,0,Deaths_Senegal,0
1586,01-05-2015,289,Deaths_UnitedStates,0
1587,01-04-2015,288,Deaths_UnitedStates,0
1588,01-03-2015,287,Deaths_UnitedStates,0
1589,01-02-2015,286,Deaths_UnitedStates,0
1590,12/31/2014,284,Deaths_UnitedStates,0
1591,12/28/2014,281,Deaths_UnitedStates,0
1592,12/27/2014,280,Deaths_UnitedStates,0
1593,12/24/2014,277,Deaths_UnitedStates,0
1594,12/21/2014,273,Deaths_UnitedStates,0
1595,12/20/2014,272,Deaths_UnitedStates,0
1596,12/18/2014,271,Deaths_UnitedStates,0
1597,12/14/2014,267,Deaths_UnitedStates,0
1598,12-09-2014,262,Deaths_UnitedStates,0
1599,12-07-2014,260,Deaths_UnitedStates,1
1600,12-03-2014,256,Deaths_UnitedStates,0
1601,11/30/2014,253,Deaths_UnitedStates,1
1602,11/28/2014,251,Deaths_UnitedStates,0
1603,11/23/2014,246,Deaths_UnitedStates,1
1604,11/22/2014,245,Deaths_UnitedStates,0
1605,11/18/2014,241,Deaths_UnitedStates,1
1606,11/16/2014,239,Deaths_UnitedStates,1
1607,11/15/2014,238,Deaths_UnitedStates,0
1608,11-11-2014,234,Deaths_UnitedStates,1
1609,11-10-2014,233,Deaths_UnitedStates,0
1610,11-09-2014,232,Deaths_UnitedStates,1
1611,11-08-2014,231,Deaths_UnitedStates,0
1612,11-04-2014,227,Deaths_UnitedStates,1
1613,11-03-2014,226,Deaths_UnitedStates,0
1614,11-02-2014,225,Deaths_UnitedStates,1
1615,10/31/2014,222,Deaths_UnitedStates,0
1616,10/29/2014,220,Deaths_UnitedStates,1
1617,10/27/2014,218,Deaths_UnitedStates,1
1618,10/25/2014,216,Deaths_UnitedStates,0
1619,10/22/2014,214,Deaths_UnitedStates,1
1620,10/21/2014,213,Deaths_UnitedStates,0
1621,10/19/2014,211,Deaths_UnitedStates,1
1622,10/18/2014,210,Deaths_UnitedStates,0
1623,10/14/2014,206,Deaths_UnitedStates,0
1624,10/13/2014,205,Deaths_UnitedStates,0
1625,10-12-2014,204,Deaths_UnitedStates,1
1626,10-11-2014,203,Deaths_UnitedStates,0
1627,10-08-2014,200,Deaths_UnitedStates,1
1628,10-07-2014,199,Deaths_UnitedStates,0
1629,10-05-2014,197,Deaths_UnitedStates,0
1630,10-04-2014,196,Deaths_UnitedStates,0
1631,10-01-2014,193,Deaths_UnitedStates,0
1632,9/28/2014,190,Deaths_UnitedStates,0
1633,9/23/2014,185,Deaths_UnitedStates,0
1634,9/21/2014,183,Deaths_UnitedStates,0
1635,9/20/2014,182,Deaths_UnitedStates,0
1636,9/19/2014,181,Deaths_UnitedStates,0
1637,9/17/2014,179,Deaths_UnitedStates,0
1638,9/14/2014,176,Deaths_UnitedStates,0
1639,9/13/2014,175,Deaths_UnitedStates,0
1640,09-10-2014,172,Deaths_UnitedStates,0
1641,09-09-2014,171,Deaths_UnitedStates,0
1642,09-07-2014,169,Deaths_UnitedStates,0
1643,09-05-2014,167,Deaths_UnitedStates,0
1644,8/31/2014,162,Deaths_UnitedStates,0
1645,8/26/2014,157,Deaths_UnitedStates,0
1646,8/20/2014,151,Deaths_UnitedStates,0
1647,8/18/2014,149,Deaths_UnitedStates,0
1648,8/16/2014,147,Deaths_UnitedStates,0
1649,8/13/2014,144,Deaths_UnitedStates,0
1650,08-11-2014,142,Deaths_UnitedStates,0
1651,08-09-2014,140,Deaths_UnitedStates,0
1652,08-06-2014,137,Deaths_UnitedStates,0
1653,08-04-2014,135,Deaths_UnitedStates,0
1654,08-01-2014,132,Deaths_UnitedStates,0
1655,7/30/2014,129,Deaths_UnitedStates,0
1656,7/27/2014,126,Deaths_UnitedStates,0
1657,7/23/2014,123,Deaths_UnitedStates,0
1658,7/20/2014,120,Deaths_UnitedStates,0
1659,7/17/2014,117,Deaths_UnitedStates,0
1660,7/14/2014,114,Deaths_UnitedStates,0
1661,07-12-2014,112,Deaths_UnitedStates,0
1662,07-08-2014,108,Deaths_UnitedStates,0
1663,07-06-2014,106,Deaths_UnitedStates,0
1664,07-02-2014,102,Deaths_UnitedStates,0
1665,6/30/2014,100,Deaths_UnitedStates,0
1666,6/22/2014,92,Deaths_UnitedStates,0
1667,6/20/2014,90,Deaths_UnitedStates,0
1668,6/19/2014,89,Deaths_UnitedStates,0
1669,6/18/2014,88,Deaths_UnitedStates,0
1670,6/17/2014,87,Deaths_UnitedStates,0
1671,6/16/2014,86,Deaths_UnitedStates,0
1672,06-10-2014,80,Deaths_UnitedStates,0
1673,06-05-2014,75,Deaths_UnitedStates,0
1674,06-03-2014,73,Deaths_UnitedStates,0
1675,06-01-2014,71,Deaths_UnitedStates,0
1676,5/28/2014,67,Deaths_UnitedStates,0
1677,5/27/2014,66,Deaths_UnitedStates,0
1678,5/23/2014,62,Deaths_UnitedStates,0
1679,05-12-2014,51,Deaths_UnitedStates,0
1680,05-10-2014,49,Deaths_UnitedStates,0
1681,05-07-2014,46,Deaths_UnitedStates,0
1682,05-05-2014,44,Deaths_UnitedStates,0
1683,05-03-2014,42,Deaths_UnitedStates,0
1684,05-01-2014,40,Deaths_UnitedStates,0
1685,4/26/2014,35,Deaths_UnitedStates,0
1686,4/24/2014,33,Deaths_UnitedStates,0
1687,4/23/2014,32,Deaths_UnitedStates,0
1688,4/22/2014,31,Deaths_UnitedStates,0
1689,4/21/2014,30,Deaths_UnitedStates,0
1690,4/20/2014,29,Deaths_UnitedStates,0
1691,4/17/2014,26,Deaths_UnitedStates,0
1692,4/16/2014,25,Deaths_UnitedStates,0
1693,4/15/2014,24,Deaths_UnitedStates,0
1694,4/14/2014,23,Deaths_UnitedStates,0
1695,04-11-2014,20,Deaths_UnitedStates,0
1696,04-09-2014,18,Deaths_UnitedStates,0
1697,04-07-2014,16,Deaths_UnitedStates,0
1698,04-04-2014,13,Deaths_UnitedStates,0
1699,04-01-2014,10,Deaths_UnitedStates,0
1700,3/31/2014,9,Deaths_UnitedStates,0
1701,3/29/2014,7,Deaths_UnitedStates,0
1702,3/28/2014,6,Deaths_UnitedStates,0
1703,3/27/2014,5,Deaths_UnitedStates,0
1704,3/26/2014,4,Deaths_UnitedStates,0
1705,3/25/2014,3,Deaths_UnitedStates,0
1706,3/24/2014,2,Deaths_UnitedStates,0
1707,3/22/2014,0,Deaths_UnitedStates,0
1708,01-05-2015,289,Deaths_Spain,0
1709,01-04-2015,288,Deaths_Spain,0
1710,01-03-2015,287,Deaths_Spain,0
1711,01-02-2015,286,Deaths_Spain,0
1712,12/31/2014,284,Deaths_Spain,0
1713,12/28/2014,281,Deaths_Spain,0
1714,12/27/2014,280,Deaths_Spain,0
1715,12/24/2014,277,Deaths_Spain,0
1716,12/21/2014,273,Deaths_Spain,0
1717,12/20/2014,272,Deaths_Spain,0
1718,12/18/2014,271,Deaths_Spain,0
1719,12/14/2014,267,Deaths_Spain,0
1720,12-09-2014,262,Deaths_Spain,0
1721,12-07-2014,260,Deaths_Spain,0
1722,12-03-2014,256,Deaths_Spain,0
1723,11/30/2014,253,Deaths_Spain,0
1724,11/28/2014,251,Deaths_Spain,0
1725,11/23/2014,246,Deaths_Spain,0
1726,11/22/2014,245,Deaths_Spain,0
1727,11/18/2014,241,Deaths_Spain,0
1728,11/16/2014,239,Deaths_Spain,0
1729,11/15/2014,238,Deaths_Spain,0
1730,11-11-2014,234,Deaths_Spain,0
1731,11-10-2014,233,Deaths_Spain,0
1732,11-09-2014,232,Deaths_Spain,0
1733,11-08-2014,231,Deaths_Spain,0
1734,11-04-2014,227,Deaths_Spain,0
1735,11-03-2014,226,Deaths_Spain,0
1736,11-02-2014,225,Deaths_Spain,0
1737,10/31/2014,222,Deaths_Spain,0
1738,10/29/2014,220,Deaths_Spain,0
1739,10/27/2014,218,Deaths_Spain,0
1740,10/25/2014,216,Deaths_Spain,0
1741,10/22/2014,214,Deaths_Spain,0
1742,10/21/2014,213,Deaths_Spain,0
1743,10/19/2014,211,Deaths_Spain,0
1744,10/18/2014,210,Deaths_Spain,0
1745,10/14/2014,206,Deaths_Spain,1
1746,10/13/2014,205,Deaths_Spain,0
1747,10-12-2014,204,Deaths_Spain,1
1748,10-11-2014,203,Deaths_Spain,0
1749,10-08-2014,200,Deaths_Spain,1
1750,10-07-2014,199,Deaths_Spain,0
1751,10-05-2014,197,Deaths_Spain,0
1752,10-04-2014,196,Deaths_Spain,0
1753,10-01-2014,193,Deaths_Spain,0
1754,9/28/2014,190,Deaths_Spain,0
1755,9/23/2014,185,Deaths_Spain,0
1756,9/21/2014,183,Deaths_Spain,0
1757,9/20/2014,182,Deaths_Spain,0
1758,9/19/2014,181,Deaths_Spain,0
1759,9/17/2014,179,Deaths_Spain,0
1760,9/14/2014,176,Deaths_Spain,0
1761,9/13/2014,175,Deaths_Spain,0
1762,09-10-2014,172,Deaths_Spain,0
1763,09-09-2014,171,Deaths_Spain,0
1764,09-07-2014,169,Deaths_Spain,0
1765,09-05-2014,167,Deaths_Spain,0
1766,8/31/2014,162,Deaths_Spain,0
1767,8/26/2014,157,Deaths_Spain,0
1768,8/20/2014,151,Deaths_Spain,0
1769,8/18/2014,149,Deaths_Spain,0
1770,8/16/2014,147,Deaths_Spain,0
1771,8/13/2014,144,Deaths_Spain,0
1772,08-11-2014,142,Deaths_Spain,0
1773,08-09-2014,140,Deaths_Spain,0
1774,08-06-2014,137,Deaths_Spain,0
1775,08-04-2014,135,Deaths_Spain,0
1776,08-01-2014,132,Deaths_Spain,0
1777,7/30/2014,129,Deaths_Spain,0
1778,7/27/2014,126,Deaths_Spain,0
1779,7/23/2014,123,Deaths_Spain,0
1780,7/20/2014,120,Deaths_Spain,0
1781,7/17/2014,117,Deaths_Spain,0
1782,7/14/2014,114,Deaths_Spain,0
1783,07-12-2014,112,Deaths_Spain,0
1784,07-08-2014,108,Deaths_Spain,0
1785,07-06-2014,106,Deaths_Spain,0
1786,07-02-2014,102,Deaths_Spain,0
1787,6/30/2014,100,Deaths_Spain,0
1788,6/22/2014,92,Deaths_Spain,0
1789,6/20/2014,90,Deaths_Spain,0
1790,6/19/2014,89,Deaths_Spain,0
1791,6/18/2014,88,Deaths_Spain,0
1792,6/17/2014,87,Deaths_Spain,0
1793,6/16/2014,86,Deaths_Spain,0
1794,06-10-2014,80,Deaths_Spain,0
1795,06-05-2014,75,Deaths_Spain,0
1796,06-03-2014,73,Deaths_Spain,0
1797,06-01-2014,71,Deaths_Spain,0
1798,5/28/2014,67,Deaths_Spain,0
1799,5/27/2014,66,Deaths_Spain,0
1800,5/23/2014,62,Deaths_Spain,0
1801,05-12-2014,51,Deaths_Spain,0
1802,05-10-2014,49,Deaths_Spain,0
1803,05-07-2014,46,Deaths_Spain,0
1804,05-05-2014,44,Deaths_Spain,0
1805,05-03-2014,42,Deaths_Spain,0
1806,05-01-2014,40,Deaths_Spain,0
1807,4/26/2014,35,Deaths_Spain,0
1808,4/24/2014,33,Deaths_Spain,0
1809,4/23/2014,32,Deaths_Spain,0
1810,4/22/2014,31,Deaths_Spain,0
1811,4/21/2014,30,Deaths_Spain,0
1812,4/20/2014,29,Deaths_Spain,0
1813,4/17/2014,26,Deaths_Spain,0
1814,4/16/2014,25,Deaths_Spain,0
1815,4/15/2014,24,Deaths_Spain,0
1816,4/14/2014,23,Deaths_Spain,0
1817,04-11-2014,20,Deaths_Spain,0
1818,04-09-2014,18,Deaths_Spain,0
1819,04-07-2014,16,Deaths_Spain,0
1820,04-04-2014,13,Deaths_Spain,0
1821,04-01-2014,10,Deaths_Spain,0
1822,3/31/2014,9,Deaths_Spain,0
1823,3/29/2014,7,Deaths_Spain,0
1824,3/28/2014,6,Deaths_Spain,0
1825,3/27/2014,5,Deaths_Spain,0
1826,3/26/2014,4,Deaths_Spain,0
1827,3/25/2014,3,Deaths_Spain,0
1828,3/24/2014,2,Deaths_Spain,0
1829,3/22/2014,0,Deaths_Spain,0
1830,01-05-2015,289,Deaths_Mali,0
1831,01-04-2015,288,Deaths_Mali,0
1832,01-03-2015,287,Deaths_Mali,0
1833,01-02-2015,286,Deaths_Mali,0
1834,12/31/2014,284,Deaths_Mali,0
1835,12/28/2014,281,Deaths_Mali,0
1836,12/27/2014,280,Deaths_Mali,0
1837,12/24/2014,277,Deaths_Mali,0
1838,12/21/2014,273,Deaths_Mali,0
1839,12/20/2014,272,Deaths_Mali,0
1840,12/18/2014,271,Deaths_Mali,0
1841,12/14/2014,267,Deaths_Mali,0
1842,12-09-2014,262,Deaths_Mali,0
1843,12-07-2014,260,Deaths_Mali,6
1844,12-03-2014,256,Deaths_Mali,0
1845,11/30/2014,253,Deaths_Mali,6
1846,11/28/2014,251,Deaths_Mali,0
1847,11/23/2014,246,Deaths_Mali,6
1848,11/22/2014,245,Deaths_Mali,0
1849,11/18/2014,241,Deaths_Mali,6
1850,11/16/2014,239,Deaths_Mali,5
1851,11/15/2014,238,Deaths_Mali,0
1852,11-11-2014,234,Deaths_Mali,3
1853,11-10-2014,233,Deaths_Mali,0
1854,11-09-2014,232,Deaths_Mali,1
1855,11-08-2014,231,Deaths_Mali,0
1856,11-04-2014,227,Deaths_Mali,1
1857,11-03-2014,226,Deaths_Mali,0
1858,11-02-2014,225,Deaths_Mali,1
1859,10/31/2014,222,Deaths_Mali,0
1860,10/29/2014,220,Deaths_Mali,1
1861,10/27/2014,218,Deaths_Mali,1
1862,10/25/2014,216,Deaths_Mali,0
1863,10/22/2014,214,Deaths_Mali,1
1864,10/21/2014,213,Deaths_Mali,0
1865,10/19/2014,211,Deaths_Mali,0
1866,10/18/2014,210,Deaths_Mali,0
1867,10/14/2014,206,Deaths_Mali,0
1868,10/13/2014,205,Deaths_Mali,0
1869,10-12-2014,204,Deaths_Mali,0
1870,10-11-2014,203,Deaths_Mali,0
1871,10-08-2014,200,Deaths_Mali,0
1872,10-07-2014,199,Deaths_Mali,0
1873,10-05-2014,197,Deaths_Mali,0
1874,10-04-2014,196,Deaths_Mali,0
1875,10-01-2014,193,Deaths_Mali,0
1876,9/28/2014,190,Deaths_Mali,0
1877,9/23/2014,185,Deaths_Mali,0
1878,9/21/2014,183,Deaths_Mali,0
1879,9/20/2014,182,Deaths_Mali,0
1880,9/19/2014,181,Deaths_Mali,0
1881,9/17/2014,179,Deaths_Mali,0
1882,9/14/2014,176,Deaths_Mali,0
1883,9/13/2014,175,Deaths_Mali,0
1884,09-10-2014,172,Deaths_Mali,0
1885,09-09-2014,171,Deaths_Mali,0
1886,09-07-2014,169,Deaths_Mali,0
1887,09-05-2014,167,Deaths_Mali,0
1888,8/31/2014,162,Deaths_Mali,0
1889,8/26/2014,157,Deaths_Mali,0
1890,8/20/2014,151,Deaths_Mali,0
1891,8/18/2014,149,Deaths_Mali,0
1892,8/16/2014,147,Deaths_Mali,0
1893,8/13/2014,144,Deaths_Mali,0
1894,08-11-2014,142,Deaths_Mali,0
1895,08-09-2014,140,Deaths_Mali,0
1896,08-06-2014,137,Deaths_Mali,0
1897,08-04-2014,135,Deaths_Mali,0
1898,08-01-2014,132,Deaths_Mali,0
1899,7/30/2014,129,Deaths_Mali,0
1900,7/27/2014,126,Deaths_Mali,0
1901,7/23/2014,123,Deaths_Mali,0
1902,7/20/2014,120,Deaths_Mali,0
1903,7/17/2014,117,Deaths_Mali,0
1904,7/14/2014,114,Deaths_Mali,0
1905,07-12-2014,112,Deaths_Mali,0
1906,07-08-2014,108,Deaths_Mali,0
1907,07-06-2014,106,Deaths_Mali,0
1908,07-02-2014,102,Deaths_Mali,0
1909,6/30/2014,100,Deaths_Mali,0
1910,6/22/2014,92,Deaths_Mali,0
1911,6/20/2014,90,Deaths_Mali,0
1912,6/19/2014,89,Deaths_Mali,0
1913,6/18/2014,88,Deaths_Mali,0
1914,6/17/2014,87,Deaths_Mali,0
1915,6/16/2014,86,Deaths_Mali,0
1916,06-10-2014,80,Deaths_Mali,0
1917,06-05-2014,75,Deaths_Mali,0
1918,06-03-2014,73,Deaths_Mali,0
1919,06-01-2014,71,Deaths_Mali,0
1920,5/28/2014,67,Deaths_Mali,0
1921,5/27/2014,66,Deaths_Mali,0
1922,5/23/2014,62,Deaths_Mali,0
1923,05-12-2014,51,Deaths_Mali,0
1924,05-10-2014,49,Deaths_Mali,0
1925,05-07-2014,46,Deaths_Mali,0
1926,05-05-2014,44,Deaths_Mali,0
1927,05-03-2014,42,Deaths_Mali,0
1928,05-01-2014,40,Deaths_Mali,0
1929,4/26/2014,35,Deaths_Mali,0
1930,4/24/2014,33,Deaths_Mali,0
1931,4/23/2014,32,Deaths_Mali,0
1932,4/22/2014,31,Deaths_Mali,0
1933,4/21/2014,30,Deaths_Mali,0
1934,4/20/2014,29,Deaths_Mali,0
1935,4/17/2014,26,Deaths_Mali,0
1936,4/16/2014,25,Deaths_Mali,0
1937,4/15/2014,24,Deaths_Mali,0
1938,4/14/2014,23,Deaths_Mali,0
1939,04-11-2014,20,Deaths_Mali,0
1940,04-09-2014,18,Deaths_Mali,0
1941,04-07-2014,16,Deaths_Mali,0
1942,04-04-2014,13,Deaths_Mali,0
1943,04-01-2014,10,Deaths_Mali,0
1944,3/31/2014,9,Deaths_Mali,0
1945,3/29/2014,7,Deaths_Mali,0
1946,3/28/2014,6,Deaths_Mali,0
1947,3/27/2014,5,Deaths_Mali,0
1948,3/26/2014,4,Deaths_Mali,0
1949,3/25/2014,3,Deaths_Mali,0
1950,3/24/2014,2,Deaths_Mali,0
1951,3/22/2014,0,Deaths_Mali,0
